Product_name,Product_Link,Rating,Price
,,,
"Lenovo Chromebook 14e 14.0"" FHD Business Laptop (AMD 3015Ce Processor/4GB DDR4 RAM/64GB Storage eMMC/AMD Radeon Graphics/Chrome OS/Grey) 82M10019HA",/Lenovo-Chromebook-Business-Processor-82M10019HA/dp/B09NQ9Z2S6,3.2 out of 5 stars,"21,990"
"Lenovo IdeaPad 3 Intel Celeron N4020 14'' HD Thin & Light Laptop (4GB/256GB HDD/Windows 11/MS Office 2021/Platinum Grey/1.5Kg), 81WH007KIN",/Lenovo-IdeaPad-Celeron-Platinum-81WH007KIN/dp/B09MM4FPMR,4.1 out of 5 stars,"31,999"
HP 15s 11th Gen Intel Core i3 15.6 inches(39.6 cm) Laptop ( 8GB RAM/512GB SSD/ Windows 11/ MS Office 2019/ Jet Black/ 1.75kg) - 15s-du3563TU,/HP-inches-Laptop-Windows-Office/dp/B09KM1BVFH,3.8 out of 5 stars,"41,990"
,/Lenovo-Windows10-Fingerprint-Aluminium-82FG00BPIN/dp/B08P3LVRL8,4.0 out of 5 stars,"69,788"
HP 15s 11th Gen Intel Core i3 15.6 inches Laptop (8GB RAM/512GB SSD/ Windows 11/ MS Office/ Natural Silver/ 1.75kg) - 15s-du3564TU,/HP-inches-Laptop-Windows-Natural/dp/B09KLZJDT6,4.1 out of 5 stars,"44,490"
"Lenovo IdeaPad 3 AMD 3020e 14'' HD Thin & Light Laptop (4GB/256GB SSD/Windows 11/Office 2021/Platinum Grey/1.6Kg), 81W000UPIN",/Lenovo-IdeaPad-Windows-Platinum-81W000UPIN/dp/B09NP6VN8Q,3.6 out of 5 stars,"27,990"
"Lenovo IdeaPad Slim 1 Intel Celeron N4020 11.6"" (29.46cm) HD Thin & Light Laptop (4GB/256 GB SSD/Windows 10/MS Office/Platinum Grey/1.2Kg), 81VT0071IN",/Lenovo-IdeaPad-Celeron-Platinum-81VT0071IN/dp/B09G9ZPV38,4.1 out of 5 stars,"27,490"
"Lenovo IdeaPad 3 10th Gen Intel Core i3 15.6 HD Thin and Light Laptop (8GB/1TB HDD/Windows 11/MS Office 2021/2Yr Warranty/Platinum Grey/1.7Kg), 81WB01BCIN",/Lenovo-IdeaPad-Warranty-Platinum-81WB01BCIN/dp/B09MKMT64V,3.8 out of 5 stars,"37,490"
"AVITA Cosmos 2 in 1 Intel Celeron Dual Core 11.6 inches (4 GB/64 GB EMMC Storage/Windows 10 Home) NS12T5IN021P 2 in 1 Laptop (Charcoal Grey, 1.327 kg)",/AVITA-Celeron-Storage-NS12T5IN021P-Charcoal/dp/B09HKBR46P,3.7 out of 5 stars,"15,490"
"Dell Vostro 3401 14"" FHD Anti Glare Display Laptop / i3-1005G1 / 8GB / 1TB / Integrated Graphics / Win 10 + Office H&S/ Black) D552149WIN9BE",/Dell-i3-1005G1-Integrated-Graphics-D552149WIN9BE/dp/B08MQ7QKHJ,3.7 out of 5 stars,"37,990"
"HP Pavilion 14, Intel 11th Gen Core i5 16GB RAM/512GB SSD 14-inch Laptop, FHD Micro-Edge Anti-Glare Display/Iris Xᵉ Graphics/Backlit KB/B&O Audio/Fingerprint Reader/Windows 11/1.41kg, 14-dv1001TU",/HP-Micro-Edge-Anti-Glare-Fingerprint-14-dv1001TU/dp/B09MH5MLYP,4.4 out of 5 stars,"67,490"
"Dell 15 (2021) AMD Ryzen 3-3250U Laptop, 8GB DDR4, 256GB SSD, Windows 10 + MS Office, Radeon Graphics, 15.6 inches FHD Display, Carbon Black (Inspiron 3515, D560523WIN9BE), 1.8kg",/Dell-Graphics-Inspiron-3515-D560523WIN9BE/dp/B09F3QJF4W,3.6 out of 5 stars,
"HP Chromebook 14 inches Thin & Light Touchscreen Laptop (Intel Celeron N4020/4GB/64GB eMMC + 256GB Expandable Storage/Chrome OS/1.46 kgs Light/ Mineral Silver), 14a-na0003TU",/HP-Chromebook-14a-na0003TU-Touchscreen-Expandable/dp/B08C5W6PL2,3.7 out of 5 stars,"26,490"
"Lenovo V15 Intel Celeron N4020 15.6"" FHD (1080p)(39.62 cm) HD Thin and Light Laptop (4GB RAM/1 TB HDD / DOS /Iron Grey/1 Year Onsite Warranty/1.7 kg), 82C30052IH",/Lenovo-Celeron-Laptop-Warranty-82C30052IH/dp/B09HHL3BNR,3.3 out of 5 stars,"28,460"
"Dell 15 (2021) PQC-N5030, 4GB, 256GB SSD, Win 11 + MS Office'21, Integrated Graphics, 15.6"" (39.62 cms) HD Display, Carbon Black (Inspiron 3510, D560717WIN9B)",/Dell-Integrated-Inspiron-3510-D560717WIN9B/dp/B09NLR1TWF,,"30,990"
"Dell 15 (2021) AMD Ryzen 3-3250U Laptop, 8GB, 256GB SSD, Windows 10 + MS Office, Radeon Graphics, 15.6 inches FHD Display, Soft Mint Color (Inspiron 3505, D560618WIN9SE), 1.83kg",/Dell-Graphics-Inspiron-3505-D560618WIN9SE/dp/B09F3RFWZL,4.2 out of 5 stars,"39,990"
"HP 15 AMD Ryzen 3 3250U Thin & Light 15.6 inches FHD Laptop (8GB/256GB SSD/Windows 10 Home/MS Office/1.69 kg), 15s-gy0501AU, Silver",/HP-inches-Laptop-Windows-15s-gy0501AU/dp/B09FL5CK19,4.2 out of 5 stars,"39,490"
,,,
,,,
,,,
"(Renewed) Lenovo Latitude Laptop X260 Intel Core i3 - 6100u Processor 6th Gen, 4 GB Ram & 128 GB SSD, 12.5 Inches (Ultra Slim & Feather Light 1.4KG) Notebook Computer",/Renewed-Lenovo-Latitude-Laptop-Intel/dp/B09MTH7Z5G,3.3 out of 5 stars,"19,990"
"HP Chromebook Intel Celeron N4020 14 inches Touchscreen Business Laptop (4GB/64GB eMMC + 256GB Expandable Storage/Chrome OS/Integrated Graphics, Ceramic White, 1.46kg), 14a-na0002TU",/HP-Chromebook-14a-na0002TU-Integrated-Graphics/dp/B08C5WLK3P,3.9 out of 5 stars,"25,990"
"HP 15 (2021) AMD Ryzen 3-3250 8 GB RAM, 1TB HDD + 256GB SSD, 15.6 inches FHD Screen, Windows 10, MS Office Thin & Light Laptop, 1.82kg (15s-gr0012AU), Silver",/HP-3-3250-Laptop-Windows-15s-gr0012AU/dp/B08T6THSMQ,4.2 out of 5 stars,"42,840"
"Acer Extensa 15 Thin & Light Intel Processor Pentium Silver N5030 15.6 inches Business Laptop (4GB RAM/1TB HDD/Windows 11 Home/Integrated Graphic Card/Black/1.9 Kg, EX215-31)",/Acer-Processor-Business-Integrated-EX215-31/dp/B09MJ52H9S,4.6 out of 5 stars,"30,124"
"ASUS VivoBook 14 Intel Core i3-10110U 10th Gen 14-inch FHD IPS Compact and Light Laptop (8GB RAM/1TB HDD/Windows 10/1 Yr. McAfee/Integrated UHD Graphics/Slate Grey/1.60 kg), X409FA-EB616T",/ASUS-VivoBook-i3-10110U-Integrated-X409FA-EB616T/dp/B09GPB1ZS8,4.5 out of 5 stars,"36,915"
"Lenovo IdeaPad 3 11th Gen Intel Core i3 15.6 FHD Thin and Light Laptop (8 GB/256GB SDD/Windows 11/MS Office 2021/2Yr Warranty/Arctic Grey/1.65Kg), 82H801L3IN",/Lenovo-IdeaPad-Windows-Warranty-82H801L3IN/dp/B09MKMGWH4,4.1 out of 5 stars,"39,990"
"Lenovo IdeaPad Slim 3 10th Gen Intel Core i3 15.6""(39.62cm) FHD Thin & Light Laptop (8GB/256GB SSD/UHD Graphics/Windows 11/MS Office 2021/Platinum Grey/1.7Kg), 81WB018EIN",/Lenovo-IdeaPad-Graphics-Platinum-81WB018EIN/dp/B09M41LYSC,4.3 out of 5 stars,"37,990"
"Lenovo Ideapad 3 AMD Ryzen 5 5500U 15.6"" FHD Thin & Light Laptop (8GB/512GB SSD/Windows 11/Office 2021/Backlit Keyboard/2Yr Warranty/Arctic Grey/1.65Kg), 82KU017KIN",/Lenovo-Ideapad-Keyboard-Warranty-82KU017KIN/dp/B09MM58Y7Q,4.3 out of 5 stars,"49,900"
"(Renewed) Lenovo Thinkpad L450 14 inch Laptop (Core I3 5th Gen/4GB/128 GB SSD/Windows 10 Pro/MS Office/Anti Glare Display/Webcam/Bluetooth/Wifi/Integrated Graphics), Black",/Lenovo-Thinkpad-Bluetooth-Integrated-Graphics/dp/B09HV5QSYP,,"21,990"
HP 240 G8 (53L43PA) Laptop (Intel Core I3/ 10th Gen/ 8GB RAM/ 512GB SSD/ Windows 10 Home/ 14 Inch/ 1 Year Warranty) Black,/HP-53L43PA-Laptop-Windows-Warranty/dp/B09JP3ZNTB,5.0 out of 5 stars,"40,909"
"HP Chromebook x360 14-inch (35.56 cms) Thin & Light Touchscreen Laptop (AMD 3015CE/4GB/64GB eMMC Storage/Chrome OS/Ceramic White/1.49 kg), 14a-cb0006AU",/HP-Chromebook-14-inch-Touchscreen-14a-cb0006AU/dp/B09CMNZ4T1,4.1 out of 5 stars,"30,490"
"Lenovo V15 Intel Core i5 11th Gen 15.6"" (39.62 cm) FHD Thin and Light Laptop (8GB RAM/256GB SSD/Windows 10/MS Office/Black/1.7 kg), 82KB00EYIN",/Lenovo-V15-Laptop-Windows-82KB00EYIN/dp/B09BVVJP7Z,4.2 out of 5 stars,"50,990"
"Dell 14 (2021) Ryzen 5-3450U Laptop 8GB, 256GB SSD, Win 10 + MS Office, Vega Graphics, 14.0"" (35.56 cms) FHD Display/ Dune Color (Vostro 3405, D552202WIN9D)",/Dell-Graphics-Vostro-3405-D552202WIN9D/dp/B09M49M84B,4.2 out of 5 stars,"40,990"
Dell New 2021 Inspiron 3511 NB || Intel Core i3-11th Gen || 8GB Ram || 1TB HDD+256GB SSD || Windows 11 Home+Office 2021 || Without Bag || FHD Display|Black Color || 1 Yr Warranty,/Dell-Inspiron-i3-11th-Windows-Warranty/dp/B09F5KMH9L,5.0 out of 5 stars,"46,800"
"ASUS VivoBook 15 - Intel Celeron N4020 Dual Core Processor (4GB RAM/256 GB SSD/Windows 10/Intel UHD 600 Graphics/15.6-inch HD LED/1.9 kg/Transparent Silver/1 Yr. Warranty), X543MA-GQ1358T",/ASUS-VivoBook-Processor-Transparent-X543MA-GQ1358T/dp/B09MNL2M6V,5.0 out of 5 stars,"28,490"
"Acer Aspire 3 15.6"" Full HD IPS Display Laptop | 11th Gen Intel Core i3-1115G4 Processor | 4GB RAM| 1TB HDD| Windows 10 Home | Pure Silver| 1.7 kg | HD Webcam | A315-58",/Acer-Display-i3-1115G4-Processor-Windows/dp/B099ZYQWXR,3.5 out of 5 stars,"41,399"
,,,
,,,
,,,
"HP Pavilion 15, Ryzen 5- 16GB/512GB SSD 15.6-inch Laptop, FHD Micro-Edge Anti-Glare Display/Radeon Graphics/Backlit KB/Alexa/B&O Audio/Fingerprint Reader/720p Camera/Win 11 Ready/1.75 kg, 15-eh1108AU",/HP-Pavilion-Micro-Edge-Fingerprint-15-eh1108AU/dp/B09HV3WT9J,4.4 out of 5 stars,"60,990"
"Lenovo IdeaPad Slim 3 10th Gen Intel Core i3 15.6""(39.62cm) FHD Thin & Light Laptop (8GB/256GB SSD/UHD Graphics/Windows 11/MS Office 2021/Platinum Grey/1.7Kg), 81WB0193IN",/Lenovo-IdeaPad-Graphics-Platinum-81WB0193IN/dp/B09M3Y4ZV4,3.8 out of 5 stars,"37,990"
"Lenovo ThinkBook 15 Intel 11th Gen Core i5 15.6"" (39.62 cm) FHD IPS 300 nits Antiglare 100% sRGB Thin and Light Laptop (8GB/1TB HDD+128GB SSD/Windows 10/MS Office/Mineral Grey/1.7 Kg), 20VEA0HCIH",/Lenovo-ThinkBook-Antiglare-Windows-20VEA0HCIH/dp/B09G3CWM3J,4.3 out of 5 stars,"55,990"
"(Renewed) Hp ProBook 6th Gen Core i5 Laptop, 16 GB RAM, 512GB SSD, Intel HD Graphics, 14 inch (36.83 cms) FHD Screen, Windows 11 (Upgraded), MS Office, Black, Slim",/Renewed-ProBook-Graphics-Windows-Upgraded/dp/B09NGV1MVJ,5.0 out of 5 stars,"34,999"
"ASUS VivoBook 14 (2021), Intel Core i3-1115G4 11th Gen, 14 Inches FHD Business Laptop (8GB RAM/256GB SSD/Office 2019/Windows 10 Home/Integrated UHD Graphics/Silver/1.6 kg), X415EA-EK342TS",/ASUS-VivoBook-i3-1115G4-Integrated-X415EA-EK342TS/dp/B09BF6S7RX,4.2 out of 5 stars,"39,990"
"Lenovo IdeaPad Slim 3 Intel Celeron N4020 14"" (35.36cm) HD Thin & Light Laptop (4GB/256GB SSD/Windows 10/Platinum Grey/1.5Kg), 81WH001NIN",/Lenovo-IdeaPad-Celeron-Platinum-81WH001NIN/dp/B09GTPQSHR,4.2 out of 5 stars,"31,990"
"Acer Extensa 15 Thin and Light Business Laptop AMD 3020e Dual-core Processor 15.6"" HD Display (4GB RAM/256 GB SSD/Windows 10 Home/Integrated Graphics/Black/1.9 Kg), EX215-22",/Acer-Dual-core-Processor-Integrated-EX215-22/dp/B09LLNYG6M,3.7 out of 5 stars,"31,990"
"Lenovo Ideapad 3 AMD Ryzen 5 5500U 14"" FHD Thin and Light Laptop (8GB/512GB SSD/Windows 11/Office 2021/Backlit Keyboard/Fingerprint Reader/2Yr Warranty/Abyss Blue/1.41Kg), 82KT00GLIN",/Lenovo-Keyboard-Fingerprint-Warranty-82KT00GLIN/dp/B09MKMXHV1,4.5 out of 5 stars,"54,999"
"Dell 15 (2021) Intel i3-1005G1 Laptop, 8GB, 1TB HDD, Windows 10 + MS Office, Integrated Graphics, 15.6 inches FHD Display, Carbon Color (Inspiron 3511, D560612WIN9BE), 1.8kg",/Dell-i3-1005G1-Integrated-3511-D560612WIN9BE/dp/B09F3PV9RL,3.8 out of 5 stars,"41,590"
Lenovo 82C700D4IH V15 ADA AMD Athlon Silver 3050U 15.6 inches HD AG Laptop (4GB RAM/1TB HDD/DOS/Integrated Radeon Graphics/Iron Grey/1.85kg),/Lenovo-82C700D4IH-Laptop-Integrated-Graphics/dp/B08DHT9JSK,3.1 out of 5 stars,"29,420"
"Coconics Enabler Laptop C1C11, Intel® Celeron® Processor N4000 (1.1 GHz ~ 2.60 GHz), 11.6 Inch FHD Display, 4GB RAM (LPDDR4), 128GB SSD Storage, 990gms Only with Coconics Bag (Ubuntu)",/Coconics-Enabler-Celeron%C2%AE-Processor-Display/dp/B09NMJXSKL,4.5 out of 5 stars,"18,463"
"Acer Extensa 15 Thin & Light Intel Processor Pentium Silver N5030 15.6 inches Business Laptop (4GB RAM/1TB HDD/Windows 10 Home/Integrated Graphic Card/Black/1.9 Kg, EX215-31)",/Acer-Processor-Business-Integrated-EX215-31/dp/B095BYNN8Z,3.5 out of 5 stars,"30,739"
"(Renewed) Lenovo Latitude Laptop X260 Intel Core i3 - 6100u Processor 6th Gen, 8 GB Ram & 128 GB SSD, 12.5 Inches (Ultra Slim & Feather Light 1.4KG) Notebook Computer",/Renewed-Lenovo-Latitude-Laptop-Intel/dp/B09MTDLNR9,3.5 out of 5 stars,"21,990"
"ASUS TUF Gaming F15, 15.6-inch (39.62 cms) FHD 144Hz, Intel Core i5-10300H 10th Gen, GTX 1650 Ti GDDR6 4GB Graphics, Gaming Laptop (8GB RAM/512GB SSD/Windows 10/Fortress Gray/2.3 Kg), FX566LI-HN272T",/ASUS-15-6-inch-i5-10300H-Graphics-FX566LI-HN272T/dp/B098P62W63,4.4 out of 5 stars,"63,490"
"Dell 15 (2021) Intel i3-1115G4 Laptop, 8GB, 256GB SSD, Windows 10 + MS Office, Integrated Graphics, 15.6 inches FHD Display, Carbon Color (Inspiron 3511, D560581WIN9BE), 1.8kg",/Dell-i3-1115G4-Integrated-3511-D560581WIN9BE/dp/B09F3QP9JS,3.4 out of 5 stars,"41,990"
AVITA PURA E14 NS14A6ING431-SGC Thin and Light 14 inches Laptop AMD Radeon R4 (APU Dual Core A6/4GB/128GB SSD /Win 10 Home) 1.34 kg Shadow Grey,/AVITA-NS14A6ING431-SGC-inches-Laptop-Radeon/dp/B09LYKKDB9,3.0 out of 5 stars,"22,800"
,,,
,,,
,,,
HP Pavilion 14 11th Gen Intel Core i5 14 inches Thin & Light FHD Laptop ( 8GB RAM/512GB SSD/ Windows 11/ MS Office 2019/ 1.41kg/ Natural Silver) - 14-dv1000TU,/HP-Pavilion-inches-Windows-Natural/dp/B09KGQY5BS,5.0 out of 5 stars,"62,490"
"Dell 15 (2021) AMD Ryzen 5-3450U Laptop, 8GB DDR4, 256GB SSD, Windows 10 + MS Office, Vega Graphics, 15.6 inches FHD Display, Soft Mint (Inspiron 3505, D560616WIN9SE), 1.83kg",/Dell-Graphics-Inspiron-3505-D560616WIN9SE/dp/B09F3QCGFM,4.1 out of 5 stars,"44,990"
"HP Pavilion 14, Ryzen 5- 8GB/512GB SSD 14-inch Laptop, FHD IPS Micro-Edge Anti-Glare Display/Backlit KB/Alexa/B&O Audio/Fast Charge/720p Camera/Win 11 ready/3D Metal Design/1.41 kg, 14-ec0035AU",/HP-Pavilion-Micro-Edge-Anti-Glare-14-ec0035AU/dp/B09GDR9KK1,4.3 out of 5 stars,"54,990"
HP 14s AMD Ryzen 7-5700U 14 inch(35.6 cm) Thin & Light FHD Laptop ( 8GB RAM/512GB SSD/ Radeon Graphics/ Windows 10/ MS Office 2019/ Backlit Keyboard/ Natural Silver/ 1.41kg) - 14s-fq1083AU,/HP-7-5700U-Graphics-Windows-Keyboard/dp/B09KN5156Q,4.6 out of 5 stars,"59,990"
"(Renewed) HP EliteBook 6th Gen Core i5 Laptop, 8 GB RAM, 256GB SSD, Intel HD Graphics, 14 inch (36.83 cms) FHD Screen, Windows 11 (Upgraded), MS Office, Fingerprint sensor, Ultra Slim, SILVER",/HP-EliteBook-Graphics-Upgraded-Fingerprint/dp/B09KM2LQWH,4.6 out of 5 stars,"30,874"
HP Chromebook MediaTek MT8183 11.6 inches Thin and Light Touchscreen Laptop (4GB/64GB eMMC/Chrome OS/1.07 kgs/Indigo Blue) - 11a-na0002MU,/HP-Chromebook-11-6-inch-Touchscreen-11a-na0002MU/dp/B08WPNPTDD,4.0 out of 5 stars,"23,490"
AVITA PURA E14 NS14A6ING541-IBB 14 inches Laptop AMD Radeon R4 (APU Dual Core A6 / 8GB /256 GB SSD / Windows 10 Home) 1.34 kg Ink Black,/AVITA-NS14A6ING541-IBB-inches-Laptop-Windows/dp/B09LZ2JJ3J,,"25,900"
"AVITA Essential Refresh NE14A2INC44A-CR Intel Celeron-N4020 14 inches Laptop, 4GB/256GB SSD/Windows 10 Home/FHD/Integrated Graphics, Concrete Grey, 1.37kg",/AVITA-Essential-NE14A2INC44A-CR-Celeron-N4020-Integrated/dp/B08YRNVXN1,3.8 out of 5 stars,"24,699"
"ASUS VivoBook 14 (2021), AMD Ryzen 3 3250U, 14-inch (35.56 cms) FHD Thin and Light Laptop (8GB/256GB SSD/Office 2019/Windows 10/Integrated Graphics/Silver/1.6 Kg), M415DA-EK322TS",/ASUS-VivoBook-Integrated-Graphics-M415DA-EK322TS/dp/B09DX9ML9D,4.1 out of 5 stars,"36,990"
Mi Notebook Pro QHD+ IPS Anti Glare Display Intel Core i5-11300H 11th Gen 14-inch(35.56 cms) Thin and Light Laptop (8GB/512GB SSD/Iris Xe Graphics/Win 10/Backlit KB/Fingerprint Sensor/1.4 Kg),/Notebook-Display-i5-11300H-Graphics-Fingerprint/dp/B098XM2SJ4,4.3 out of 5 stars,"56,999"
"Acer Nitro 5 AN515-57 Gaming Laptop | Intel Core i5-11400H |NVIDIA GeForce RTX 3050 Laptop Graphics | 15.6"" FHD 144Hz IPS Display | 8GB DDR4 |256GB SSD+1TB HDD| Killer Wi-Fi 6 | RGB Backlit Keyboard",/Acer-AN515-57-i5-11400H-Graphics-Keyboard/dp/B09HHL1VQN,,"71,990"
"Dell 15 (2021) AMD Ryzen 3-3250U Laptop, 8GB, 1TB HDD, Windows 10 + MS Office, Radeon Graphics, 15.6 inches FHD Display, Soft Mint Color (Inspiron 3505, D560617WIN9SE), 1.83kg",/Dell-Graphics-Inspiron-3505-D560617WIN9SE/dp/B09F3Q4CWN,3.1 out of 5 stars,"39,990"
"Lenovo IdeaPad Slim 5 11th Gen Intel Core i5 15.6 inches FHD IPS Business Laptop (16GB/512GB SSD/Windows 10 Home/MS Office/Backlit Keyboard/Fingerprint Reader/Graphite Grey/1.66Kg), 82FG014DIN",/Lenovo-Business-Keyboard-Fingerprint-82FG014DIN/dp/B09G9Z32KW,4.3 out of 5 stars,"61,990"
"HP Pavilion 15 Intel 11th Gen Core i5 8GB RAM/512GB SSD 15.6-inch Laptop, FHD Micro-Edge Anti-Glare Display/Iris Xᵉ Graphics/Backlit KB/B&O Audio/Fingerprint Reader/Windows 11/ 1.75kg, 15-eg1000TU",/HP-Micro-Edge-Anti-Glare-Fingerprint-15-eg1000TU/dp/B09KTZS3JP,4.2 out of 5 stars,"62,925"
"Lenovo ThinkPad E14 Intel Core i3 11th Gen 35.56 cm (14-inch) Full HD Thin and Light Laptop (4GB RAM/ 256GB SSD/ Windows 11 Home/ Black/ 1.59 kg), 20TAS0XE00 with 1 Year Lenovo Premier Support",/Lenovo-ThinkPad-E14-Gen-20TAS0XE00/dp/B09N6ZDXJS,1.0 out of 5 stars,"42,990"
"ASUS VivoBook 14 (2021) AMD Ryzen 3 3250U - 15.6-inch FHD IPS Thin and Light Laptop (8GB/256GB NVMe SSD/Integrated Graphics/Windows 10/MS Office 2019/1 Yr. McAfee/Silver/1.9 kg), M515DA-BQ322TS",/ASUS-VivoBook-Ryzen-3250U-M515DA-BQ322TS/dp/B09N3JQ96B,,"36,940"
,,,
,,,
,,,
ASUS VivoBook AMD Ryzen 3-3250U(4GB RAM/256GB SSD/Win10+Ms Off H&S 2019+McAfee/Integrated Vega 3 Graphics/15.6-inch FHD IPS /FP Reader/1.9 kg/Transparent Silver/1 Yr. Warranty) M515DA-EJ312TS,/ASUS-Integrated-15-6-inch-Transparent-M515DA-EJ312TS/dp/B08Q3MVVS7,3.9 out of 5 stars,"33,380"
"Acer Aspire 5 A515-56 Thin and Light Laptop | 15.6"" Full HD Display | 11th Generation Intel Core i5-1135G7 Processor | 8GB DDR4 | 1TB HDD|HD Webcam| WiFi 6| Windows 11 Home, Silver",/Acer-A515-56-Generation-i5-1135G7-Processor/dp/B09M3HFWJC,1.0 out of 5 stars,"48,599"
"Dell 14 (2021) Intel i5-1135G7 Laptop, 8GB, 512GB SSD, Windows 10 + MS Office, Integrated Graphics, 14.0 inches FHD Display, Accent Black (Vostro 3400, D552204WIN9BE), 1.59kg",/Dell-i5-1135G7-Integrated-3400-D552204WIN9BE/dp/B09F3RF871,4.0 out of 5 stars,"63,000"
"Lenovo Ideapad Gaming 3 AMD Ryzen 7 5800H 15.6"" (39.62cm) FHD IPS Gaming Laptop (16GB/512GB SSD/Windows 11/Nvidia GTX 1650 4GB/120Hz Refresh Rate/Backlit Keyboard/Shadow Black/2.25Kg), 82K200X2IN",/Lenovo-Ideapad-39-62cm-Keyboard-82K200X2IN/dp/B09M3ZKH1T,4.5 out of 5 stars,"74,990"
"HP 15 10th Gen Intel Core i3 Thin and Light 15.6 inches FHD Laptop (8GB/1TB HDD/M.2 Slot/Windows 10/MS Office/Jet Black, 1.74 kg) 15s-du1066TU",/HP-inches-Laptop-Windows-15s-du1066TU/dp/B095YC11CF,3.8 out of 5 stars,"40,490"
"Dell Vostro 3401 14"" FHD Display Laptop (i3-1005G1 / 8GB / 256GB SSD / Integrated Graphics / Win10 + MSO Black) D552181WIN9BE",/Dell-Vostro-3401-Integrated-D552181WIN9BE/dp/B097SZ3FXB,4.3 out of 5 stars,
"HP Victus AMD Ryzen 5 5600H 16.1 inches FHD Gaming Laptop (8GB RAM/512GB SSD/4GB Radeon RX5500M Graphics/Flicker Free Display/Windows 10 Home/MS Office/Mica Silver/2.48 Kg), 16-e0162AX, Black",/HP-RX5500M-Graphics-Flicker-16-e0162AX/dp/B098QBT5KT,4.3 out of 5 stars,"59,490"
"Dell 14 (2021) Thin & Light Intel i3-1005G1 Laptop, 4Gb RAM, 1TB HDD + 256GB SSD, 14 inches FHD AG Display, Windows 10 Home + MSO, Black (Vostro 3401, D552151WIN9BE), 1.58kg",/Dell-i3-1005G1-Integrated-Graphics-D552151WIN9BE/dp/B08R777GBL,4.3 out of 5 stars,"42,990"
"ASUS VivoBook 15 (2020) Intel Core i3-10110U 10th Gen 15.6 inches FHD, Business Laptop (4GB/1TB HDD/Office 2019/Windows 10 Home/Integrated UHD Graphics/Silver/1.9 Kg), X509FA-EJ311TS",/ASUS-VivoBook-i3-10110U-Integrated-X509FA-EJ311TS/dp/B09CCXBCX3,3.2 out of 5 stars,"34,990"
"Lenovo V15 2021 Intel Core i3 10th Gen 15.6 inches FHD Business Laptop (4GB RAM/ 256GB SSD/ Windows 10 Home/ Microsoft Office Home & Student/ Iron Grey/ 1.85 kg), 82C500XYIH",/Lenovo-Business-Windows-Microsoft-82C500XYIH/dp/B0979MMPMY,3.9 out of 5 stars,"37,990"
"Dell Inspiron 3501 39.62 cm (15.6"") FHD Anti Glare Display Laptop ( i3-1005G1 / 4GB / 256 SSD / Integrated Graphics / 1 Yr NBD / Win 10 + MSO / Accent Black) D560397WIN9BE",/Dell-Inspiron-i3-1005G1-Integrated-D560397WIN9BE/dp/B08MQ67ZX3,4.3 out of 5 stars,"39,165"
"HP 250 G8 (53L46PA ) Notebook PC(Intel Core I3-1005G1/ 10th Gen/ 8GB RAM/ 1TB HDD/ Windows 10 Home/ 15.6"" Full HD/ Black),1 Year Warranty",/HP-53L46PA-Notebook-I3-1005G1-Warranty/dp/B09GPLCTQK,,"37,990"
Dell 15 Inspiron 3511 Laptop (2021) | 15.6''Inch FHD | i3 11th Gen 1115G4 | Win 10 + MS Office | 8GB -1TB HDD | Integrated Graphics (D560567WIN9B) -Carbon Black,/Dell-Inspiron-15-6Inch-Integrated-D560567WIN9B/dp/B09JZR55KP,1.5 out of 5 stars,"41,999"
"HP 15 11th Gen Intel Core i5 Processor 39.62 cm (15.6-inch) FHD Laptop (8GB/512GB SSD +32GB Intel Optane/Win 10/MS Office/Jet Black/1.69 Kg), 15s-fq2071TU",/HP-Processor-15-6-inch-Laptop-15s-fq2071TU/dp/B08XNZD56X,4.2 out of 5 stars,"60,990"
"AVITA Essential NE14A2INC43A-LBA Thin and Light 35.56cm Laptop( Intel Celeron N4020 Intel UHD Graphics 600/ 4GB/128GB SSD /Win 10 Home) 1.37kg, Linen Black",/AVITA-Essential-NE14A2INC43A-LBA-35-56cm-Graphics/dp/B098K6MPHX,3.5 out of 5 stars,"22,990"
Dell Vostro 3500 Laptop | 15.6''Inch |Intel Core i5 11th Generation | Backlit Keyboard + Fingerprint Reader |8GB RAM- 1TB HDD+256GB SSD | Win 10 | Dune (D584006WIN8 ) 1.78 kg,/Dell-15-6Inch-Generation-Fingerprint-D584006WIN8/dp/B09HS8RKZW,4.0 out of 5 stars,"59,990"
,,,
,,,
,,,
"ASUS VivoBook K15 OLED 15.6-inch (39.62 cms) FHD OLED, Intel Core i3-1115G4 11th Gen, Thin and Light Laptop (8GB/256GB SSD/Office 2019/Windows 10/Integrated Graphics/Silver/1.8 Kg), K513EA-L303TS",/ASUS-15-6-inch-i3-1115G4-Integrated-K513EA-L303TS/dp/B09CCP1RK2,4.5 out of 5 stars,"46,990"
"Lenovo IdeaPad Slim 5 11th Gen Intel Core i5 15.6"" (39.62cm) FHD IPS Thin & Light Laptop (16GB/512GB SSD/Windows 10/Office/300Nits/Backlit Keyboard/Fingerprint Reader/Graphite Grey/1.66Kg), 82FG013WIN",/Lenovo-Keyboard-Fingerprint-Graphite-82FG013WIN/dp/B09FHT8219,4.3 out of 5 stars,"60,900"
"Acer Aspire 5 11th Gen Core i5 14-inch (35.56 cms) Full HD IPS Thin & Light Laptop- (8 GB/256GB SSD/1TB HDD/Windows 10 Home/Intel Iris Xe Graphics/Pure Silver/1.55 Kg), A514-54",/Acer-14-inch-Laptop-Graphics-A514-54/dp/B09DSSYDCL,4.1 out of 5 stars,"49,990"
"Acer Nitro 5 AN515-57 Gaming Laptop | Intel Core i7-11800H |NVIDIA GeForce RTX 3050 Ti Laptop Graphics |15.6"" FHD 144Hz IPS Display |16GB DDR4 |256GB SSD+1TB HDD |Killer Wi-Fi 6 |RGB Backlit Keyboard",/Acer-AN515-57-i7-11800H-Graphics-Keyboard/dp/B09HHHT2XP,4.6 out of 5 stars,"89,990"
"ASUS VivoBook 14 (2021), Intel Core i3-1115G4 11th Gen, 14-inch (35.56 cms) FHD Thin and Light Laptop (8GB/256GB SSD/Office 2021/Windows 11/Integrated Graphics/Silver/1.6 Kg), X415EA-EK342WS",/ASUS-VivoBook-i3-1115G4-Integrated-X415EA-EK342WS/dp/B09DX8V2SR,5.0 out of 5 stars,"41,490"
"HP 14s Thin and Light Laptop 14 (35.56cms) (AMD Ryzen 5-3500U/8GB/512 SSD/Windows 10 Home /Microsoft Office 2019/ Silver), FQ0526AU",/HP-35-56cms-5-3500U-Microsoft-FQ0526AU/dp/B09BRD2VXV,4.3 out of 5 stars,"53,500"
"ASUS Computer Notebook 14(2020) Intel Quad Core Pentium Silver N5030, 14-inch(35.56 cms) FHD Thin,Light Laptop (4GB RAM/1TB HDD/Windows 10/Integrated Graphics/Transparent Silver/1.5 Kg), X415MA-EK101T",/ASUS-Pentium-Silver-N5030-Integrated-Transparent-X415MA-EK101T/dp/B08PQVMPKS,3.5 out of 5 stars,
"Dell Inspiron 3501 5.6 inches FHD AG Display Laptop (Intel i5-1135G7/ 4GB/ 1TB HDD + 256GB SSD/ Integrated Graphics/ Windows 10 + MS Office/ Black) D560488WIN9B, 1.83kg",/Dell-Inspiron-3501-Integrated-D560488WIN9B/dp/B099X7YBDL,4.7 out of 5 stars,"55,890"
"ASUS VivoBook 14 (2021), Intel Core i5-1135G7 11th Gen, 14-Inch (35.56 cms) FHD Thin and Light Laptop (8GB RAM/1TB HDD + 256GB SSD/Office 2019/Windows 10/Integrated/Silver/1.6 kg), X415EA-EB572TS",/ASUS-VivoBook-i5-1135G7-Integrated-X415EA-EB572TS/dp/B09BF65Z1V,4.1 out of 5 stars,"55,490"
Mi Notebook Ultra 3.2K resolution display Intel Core i5-11300H 11th Gen 15.6-inch(39.62 cm) Thin and Light laptop (16GB/512GB SSD/Iris Xe Graphics/Win 10/MS Office/Backlit KB/Fingerprint sensor/1.7Kg),/Notebook-resolution-i5-11300H-15-6-inch-Fingerprint/dp/B098XK9BPC,4.3 out of 5 stars,"65,499"
"Lenovo IdeaPad 3 11th Gen Intel i3 15.6"" FHD Thin & Light Laptop (8GB/512GB SDD/Windows 11/MS Office 2021/2 Yr Warranty/Arctic Grey/1.65Kg), 82H801L7IN",/Lenovo-IdeaPad-Windows-Warranty-82H801L7IN/dp/B09NP4KXMS,4.2 out of 5 stars,"40,990"
"Lenovo ThinkBook Yoga 14s Intel Core i5 11th Gen 14"" (35.56cm) FHD IPS 300 nits 100% sRGB Dolby Vision 2-in-1 Touchscreen Laptop (8GB RAM/512GB SSD/Windows 10/MS Office/Active Pen/1.50 kg), 20WEA01GIH",/Lenovo-Yoga-14s-Touchscreen-20WEA01GIH/dp/B09BVFKWFS,4.2 out of 5 stars,"64,990"
"Lenovo V14 Intel Core i5 11th Gen 14"" (35.56cm) FHD IPS 300 nits Thin and Light Laptop (8GB RAM/512GB SSD/Windows 10/MS Office/Iris® Xe Graphics/Iron Grey/1.60 kg), 82KA00LLIH",/Lenovo-V14-35-56cm-Graphics-82KA00LLIH/dp/B09BYWC7QP,4.2 out of 5 stars,"54,990"
"Lenovo IdeaPad 3 10th Gen Intel Core i3 15.6"" FHD Thin & Light Laptop (8GB/512GB SSD/Windows 11/Office 2021/2 Yr Warranty/Platinum Grey/1.7Kg), 81WB01B0IN",/Lenovo-IdeaPad-Warranty-Platinum-81WB01B0IN/dp/B09P1KJ37T,4.2 out of 5 stars,"39,990"
"ASUS TUF Dash F15 (2021), 15.6"" (39.62 cms) FHD 144Hz, Intel Core i5-11300H 11th Gen, 6GB RTX 3060 Graphics, Gaming Laptop (16GB/512GB SSD/Office 2019/Windows 11/Gray/2 Kg), FX516PMZ-HN183WS",/ASUS-i5-11300H-Graphics-Windows-FX516PMZ-HN183WS/dp/B09MDHQ3LT,4.5 out of 5 stars,"84,990"
"Lenovo ThinkBook 15 Intel 11th Gen Core i5 15.6"" (39.62 cm) FHD IPS 300 nits Antiglare 100% sRGB Thin and Light Laptop (8GB/512GB SSD/Windows 10/MS Office/Mineral Grey/1.7 Kg), 20VEA0HGIH",/Lenovo-ThinkBook-Antiglare-Windows-20VEA0HGIH/dp/B09G39QZZW,4.1 out of 5 stars,"59,990"
,,,
,,,
,,,
Dell Inspiron 5410 Laptop | 14'' Inch Full HD Display |Core i5 11th Gen | 8GB RAM- 512GB SSD| Backlit Keyboard | Win 10+MS Office -Platinum Silver (C782502WIN8) 1.46 kg,/Dell-Inspiron-Keyboard-Platinum-C782502WIN8/dp/B09HS91B1V,5.0 out of 5 stars,"62,490"
"Lenovo IdeaPad Slim 3 2021 Intel Core i3 11th Gen 14 FHD IPS Thin & Light Laptop (8GB/256GB SSD/Windows 10/MS Office/Backlit Keyboard/Fingerprint Reader/2 Year Warranty/Arctic Grey/1.41kg), 82H700SVIN",/Lenovo-Keyboard-Fingerprint-Warranty-82H700SVIN/dp/B0999BF9ZX,4.3 out of 5 stars,"48,900"
"Fujitsu UH-X 11th Gen Intel Core i5 13.3 inches FHD IPS 400Nits Thin and Light Business Laptop (8GB/512GB SSD/Windows 10 Home/Office/Iris Xe Graphics/Backlit Kb/ Fingerprint Reader/Black/0.878kg), 4ZR1D67595",/Fujitsu-Business-Graphics-Fingerprint-4ZR1D67595/dp/B098P1K6W9,4.3 out of 5 stars,"59,990"
"ASUS TUF Gaming F15 (2021) 15.6-inch (39.62 cms) FHD 144Hz, Intel Core i7-11800H 11th Gen, RTX 3060 6GB Graphics, Gaming Laptop (16GB/1TB SSD/Windows 10/Gray/2.3 Kg), FX566HM-HN100T",/ASUS-15-6-inch-i7-11800H-RTX-3060-FX566HM-HN100T/dp/B09CCKX5K9,4.7 out of 5 stars,"1,14,990"
"Dell 15 (2021) i5-10200H Gaming Laptop, 8Gb RAM, 512Gb SSD, 15.6” (39.62 cms) FHD 120Hz 250 nits Display, NVIDIA GTX 1650 4GB Graphics, Win 10 + MS Office, Dark Shadow Gray (G15 5510, D560560WIN9BE)",/Dell-i5-10200H-G15-5510-D560560WIN9BE/dp/B097C1BSMZ,4.6 out of 5 stars,"75,990"
"Lenovo Ideapad Gaming 3 AMD Ryzen 5 5600H 15.6"" (39.62cm) FHD IPS Gaming Laptop (8GB/512GB SSD/Windows 11/Nvidia GTX 1650 4GB/120Hz Refresh Rate/Backlit Keyboard/Shadow Black/2.25Kg), 82K200X6IN",/Lenovo-Ideapad-39-62cm-Keyboard-82K200X6IN/dp/B09M3XFW86,4.3 out of 5 stars,"59,990"
"Lenovo IdeaPad Gaming 3 10th Gen Intel Core i5-10300H 15.6 FHD IPS Gaming Laptop (8GB/1TB+256GB SSD/Windows 10/NVIDIA GTX 1650Ti 4GB/Onyx Black/2.2Kg), 81Y400VBIN",/Lenovo-15-6-inch-Windows10-Graphics-81Y400VBIN/dp/B08SK1Z5CK,4.2 out of 5 stars,"60,990"
"Lenovo V14 AMD RYZEN 3 14 inches HD Laptop(4GB/1TB/DOS/1.85Kg, 82C6000KIH), Iron Grey",/Lenovo-V14-14-inch-Laptop-82C6000KIH/dp/B08CXSLPTZ,3.6 out of 5 stars,"33,019"
"HP 15 11th Gen Intel Core i3 Processor 15.6 inches FHD Laptop, 8GB/512GB SSD/Windows 10/MS Office/Integrated Graphics (Natural Silver/1.69 Kg), 15s-fr2006TU",/HP-Processor-39-62cms-Integrated-15s-fr2006TU/dp/B08XNYH4LX,4.2 out of 5 stars,"46,499"
"HP Pavilion 14, Intel 11th Gen Core i5 16GB RAM/512GB SSD 14-inch Laptop, FHD Micro-Edge Anti-Glare Display/Iris X Graphics/ Alexa/Backlit KB/B&O Audio/FPR /Win 11 Ready/1.41kg, 14-dv1002TU",/HP-Pavilion-Micro-Edge-Anti-Glare-14-dv1002TU/dp/B09KGNKHN8,4.4 out of 5 stars,"67,990"
"ASUS VivoBook 14 (2021), Intel Core i3-1115G4 11th Gen, 14-inch (35.56 cms) FHD Thin and Light Laptop (8GB/256GB SSD/Office 2019/Windows 10/Integrated Graphics/Silver/1.6 Kg), X415EA-EB342TS",/ASUS-VivoBook-i3-1115G4-Integrated-X415EA-EB342TS/dp/B09DX9CK2Y,3.9 out of 5 stars,"39,490"
"Lenovo IdeaPad Slim 5 11th Gen Intel Core i5 15.6""(39.62cm) FHD IPS Thin & Light Laptop (16GB/512GB SSD/Windows 11/MS Office 2021/Backlit Keyboard/Fingerprint Reader/Graphite Grey/1.66Kg), 82FG01H9IN",/Lenovo-Keyboard-Fingerprint-Graphite-82FG01H9IN/dp/B09M423NVT,4.3 out of 5 stars,"62,990"
"ASUS VivoBook 14 (2020), Intel Core i3-1005G1 10th Gen, 14 inches FHD, Business Laptop (4GB/256GB SSD/Office 2019/Windows 10 Home/Integrated UHD Graphics/Silver/1.6 Kg), X415JA-EB312TS",/ASUS-VivoBook-i3-1005G1-Integrated-X415JA-EB312TS/dp/B098F4SGHR,4.2 out of 5 stars,"36,990"
Acer Aspire 5 AMD Ryzen 5 5500U Processor 15.6 inches Business Laptop - (8 GB/512 GB SSD/Windows 10 Home/Radeon Graphics /Microsoft Office 2019/1.76 kg/Silver) A515-45,/Acer-Aspire-Processor-inches-Business/dp/B091HGK1B6,4.4 out of 5 stars,"52,990"
"Lenovo IdeaPad 3 11th Gen Intel Core i3 14"" FHD Thin & Light Laptop (8 GB/256GB SDD/Windows 11/MS Office 2021/2Yr Warranty/Platinum Grey/1.5Kg), 81X700CWIN",/Lenovo-IdeaPad-Warranty-Platinum-81X700CWIN/dp/B09MM5TSJ7,4.3 out of 5 stars,"39,990"
AVITA PURA E14 NSA6ING541-SGC Thin and Light 14 inches Laptop AMD Radeon R4 (APU Dual Core A6 9220e / 8GB /256 GB SSD / Windows 10 Home) 1.34 kg Shadow Grey,/AVITA-NSA6ING541-SGC-inches-Laptop-Windows/dp/B09MM5KHLY,1.0 out of 5 stars,"27,341"
,,,
,,,
,,,
"Lenovo V15 Intel Core i5 11th Gen 15.6"" (39.62 cm) FHD Thin and Light Laptop (8GB RAM/512GB SSD/Windows 10/MS Office/Black/1.7 kg), 82KB00F0IN",/Lenovo-V15-Laptop-Windows-82KB00F0IN/dp/B09BVX13XW,4.1 out of 5 stars,"54,490"
Acer Travelmate Business Laptop Intel Celeron N4020 Dual-core Processor ( 4GB DDR4/ 256GB SSD / UHD Graphics/ Windows 10 Home/Spill Resistant Keyboard) TMB311-31 with 29.4 cm (11.6 Inches) HD Display,/Acer-Travelmate-Dual-core-Processor-TMB311-31/dp/B09MM8CVRN,3.8 out of 5 stars,"24,990"
"Lenovo IdeaPad Slim 3 AMD Ryzen 3 3250U 15.6 inches HD AG Thin and Light Business Laptop (8GB/256GB SSD/Windows 10/Radeon Graphics/MS Office/Platinum Grey/1.85Kg), 81W101QYIN",/Lenovo-Business-Graphics-Platinum-81W101QYIN/dp/B09DMRPV51,4.2 out of 5 stars,"38,990"
"MSI GF75 Thin, Intel i5-10300H, 17.3"" FHD IPS-Level 144Hz Panel Laptop (8GB/512GB NVMe SSD/Windows 10 Home/Nvidia GTX1650 4GB GDDR6/Black/2.2Kg), 10SC-095IN",/MSI-i5-10300H-IPS-Level-Windows-10SC-095IN/dp/B09BRCKLLR,4.5 out of 5 stars,"64,990"
"Lenovo Ideapad Slim 5 Pro AMD Ryzen 7 5800U 14"" (35.56cm) 2.2K IPS Thin & Light Laptop (16GB/512GB SSD/Windows 11/Office 2021/Backlit Keyboard/100% sRGB/3Yr Warranty/Storm Grey/1.38Kg), 82L700D0IN",/Lenovo-Ideapad-Keyboard-Warranty-82L700D0IN/dp/B09M41GR4K,2.5 out of 5 stars,"73,988"
(Renewed) HP ChromeBook 11.6 inch (29.46 cm) HD Laptop (AMD A4/4 GB DDR4 RAM/16 GB eMMC SSD/HP WARRANTY/Wifi/Webcam/Chrome OS/Bluetooth 4.2/AMD R4 Graphics/Thin & Light),/HP-ChromeBook-WARRANTY-Bluetooth-Graphics/dp/B09JZBH4R1,,"15,999"
"Acer Nitro 5 AN515-57 Gaming Laptop | Intel Core i5-11400H |NVIDIA GeForce RTX 3050 Laptop Graphics |15.6"" FHD 144Hz IPS Display |8GB DDR4 | 256GB SSD+1TB HDD | Killer Wi-Fi 6 | RGB Backlit Keyboard",/Acer-Nitro-AN515-57-i5-11400H-Graphics/dp/B099ZZ13JB,4.1 out of 5 stars,"69,990"
Dell Vostro 3400 14 inches FHD Anti Glare Display Laptop (11th Gen Intel i5-1135G7 / 8GB / 1TB / Integrated Graphics / Windows 10 + MS Office / Black/ 1.58Kg) D552154WIN9BE,/Dell-i5-1135G7-Integrated-Graphics-D552154WIN9BE/dp/B08RXZCXH6,3.5 out of 5 stars,"56,126"
"Lenovo IdeaPad Slim 3 10th Gen Intel Core i3 14"" (35.56cm) FHD Thin & Light Laptop (8GB/256GB SSD/Windows 11/MS Office 2021/2 Year Warranty/Platinum Grey/1.65Kg), 81WA00MGIN",/Lenovo-IdeaPad-Warranty-Platinum-81WA00MGIN/dp/B09GV1X9L4,4.0 out of 5 stars,"47,000"
HP 11th Gen Intel Core i3 15.6 inch(39.6 cms) FHD Laptop ( 8GB RAM/1TB HDD/ UHD Graphics/ Win 10/ Alexa Built-in/MS Office/ 1.75kg/ Jet Black) - 15s-du3055TU,/HP-Laptop-Graphics-Built-Office/dp/B09JB6BBW7,3.9 out of 5 stars,"42,990"
"HP 14(2021) 10th Gen Intel Core i5 Laptop, 8GB RAM, 512GB SSD, 14-inch(35.6 cm) FHD Screen, 4G LTE, Win 10, MS Office, Natural Silver, 1.49 Kg (14s-er0503TU)",/HP-Laptop-14-inch-Natural-14s-er0503TU/dp/B098393BRS,4.3 out of 5 stars,"61,490"
"Dell Inspiron 5518 39.62 cm (15.6"") FHD AG 250nits Display Laptop (Ci5-11300H / 16GB / 512GB SSD / Integrated Graphics / Win 10 + MSO / Backlit KB + FPR / Silver) D560479WIN9S",/Dell-Inspiron-5518-Ci5-11300H-D560479WIN9S/dp/B097C3B9DZ,4.3 out of 5 stars,
Dell Inspiron 5410 Laptop | 14'' Inch Full HD | Core i5 11th Gen |16GB RAM- 512GB SSD-| Backlit Keyboard | Windows 10+MS Office-Platinum Silver (C782505WIN8P) 1.46 kg,/Dell-Inspiron-Keyboard-Office-Platinum-C782505WIN8P/dp/B09HS7FJNL,5.0 out of 5 stars,"66,490"
"Lenovo IdeaPad Slim 5 AMD Ryzen 5 5500U 15.6"" (39.62cm) FHD IPS Thin & Light Laptop (8GB/512GB SSD/Windows 11/MS Office 2021/Backlit Keyboard/Fingerprint Reader/Graphite Grey/1.66Kg), 82LN00R9IN",/Lenovo-Keyboard-Fingerprint-Graphite-82LN00R9IN/dp/B09JBZC7P4,4.4 out of 5 stars,"56,990"
"ASUS VivoBook 14 Intel Core i3-10110U 10th Gen 14-inch FHD Compact and Light Laptop (4GB RAM/1TB HDD/Windows 10/Integrated Graphics/Slate Grey/1.60 kg), X409FA-EK617T",/ASUS-VivoBook-i3-10110U-Integrated-X409FA-EK617T/dp/B09C8RD7BM,3.2 out of 5 stars,"32,900"
(Renewed) HP EliteBook 14 inch (35.56 cm) HD Laptop (AMD A8 Pro/8 GB RAM/320 GB HDD/Wifi/Bluetooth/Windows 10 Pro/MS Office/Webcam/AMD R5 Graphics/Thin & Light),/Renewed-HP-EliteBook-Bluetooth-Graphics/dp/B09H4VGNFL,2.5 out of 5 stars,"22,799"
,,,
,,,
,,,
"Lenovo IdeaPad 3 11th Gen Intel Core i5 14"" FHD Thin & Light Laptop (16GB/512 GB SSD/Windows 11/Office 2021/Backlit/Fingerprint Reader/2 Yr Warranty/Arctic Grey/1.41Kg), 82H7016KIN",/Lenovo-IdeaPad-Fingerprint-Warranty-82H7016KIN/dp/B09NP5PCVY,4.2 out of 5 stars,"59,990"
"2021 Dell New Inspiron 15 3511 Slim Laptop, 15.6"" FHD LED Display, 11th Gen Intel Core i3-1115G4 Processor, 8 GB DDR4 RAM, 1TB HDD, HDMI, Windows 10 Home (Free Update Win 11),Black",/Dell-New-Inspiron-15-i3-1115G4/dp/B09F3TKFXT,4.5 out of 5 stars,"41,450"
"HP Pavilion Gaming AMD Ryzen 5 5600H 39.6 cm(15.6-inch) FHD Gaming Laptop (16GB/512GB SSD/Win 11/NVIDIA RTX 3050 Graphics/MS Office/ Shadow Black & Ultra Violet/1.98 Kg), 15-ec2145AX",/HP-Pavilion-15-6-inch-Graphics-15-ec2145AX/dp/B09MF6MD5L,,"71,990"
"(Renewed) HP ProBook 640 G1 14-inch Laptop (Core i5 4th Gen / 8GB RAM (Upgradable to 16Gb ) / 500GB HDD / Windows 10 Pro / Intel HD Graphics, Wi fi, Webcam)",/Renewed-HP-640-Upgradable-Graphics/dp/B09F3VKNWB,2.9 out of 5 stars,"28,000"
"Lenovo ThinkBook 15 Intel 11th Gen Core i5 15.6"" (39.62 cm) FHD IPS 300 nits Antiglare 100% sRGB Thin and Light Laptop (8GB/1TB HDD+256GB SSD/Windows 10 Home/MS Office/Mineral Grey/1.7 Kg), 20VEA0HFIH",/Lenovo-ThinkBook-Antiglare-Windows-20VEA0HFIH/dp/B09G3BCK7M,3.9 out of 5 stars,"79,339"
"Lenovo Ideapad Gaming 3 11th Gen Intel Core i5 15.6"" (39.62cm) FHD IPS Gaming Laptop (8GB/512 GB SSD/Windows 10/Nvidia GTX 1650 4GB/120Hz Refresh Rate/Backlit Keyboard/Shadow Black/2.25Kg), 82K100MVIN",/Lenovo-Ideapad-39-62cm-Keyboard-82K100MVIN/dp/B09DMKWNPR,4.2 out of 5 stars,"60,990"
"Lenovo Legion 5 AMD Ryzen 5 4600H 15.6 inch (39.62 cms) Full HD Gaming Laptop (8GB/1TB HDD + 256GB SSD/Windows 10/120 Hz/NVIDIA GTX 1650 4GB GDDR6/Phantom Black/2.3Kg), 82B500BHIN",/Lenovo-Windows-Graphics-Phantom-82B500BHIN/dp/B08GG8WCW7,4.5 out of 5 stars,"62,990"
"(Renewed) HP Elitebook 745 G2 AMD A10 Pro 14.1 inches Laptop (8GB RAM 500GB HDD LED Screen R6 Graphics Windows 10 Pro/ HD 1366 X 768, 1.9 kg)",/Renewed-HP-Elitebook-745-Graphics/dp/B09B3Z23L8,2.0 out of 5 stars,"25,999"
"HP 14 11th Gen Intel Core i5 Processor 14 inches HD Laptop, 8GB/512GB SSD/Windows 10/MS Office (Natural Silver/1.46Kg), 14s-dq2535TU",/HP-Processor-Windows-Natural-14s-dq2535TU/dp/B0928NL6F3,4.2 out of 5 stars,"59,990"
"Lenovo ThinkBook 13s Intel Core i5 11th Gen 13.3"" Laptop ( 16GB RAM | 1TB SSD | Windows 10 | MS Office | FPR |1.2kg ) WQXGA (2560x1600) IPS 300 nits 100% sRGB Dolby Vision, 20V9A05JIH - Mineral Grey",/Lenovo-ThinkBook-Windows-2560x1600-20V9A05JIH/dp/B09GB35G6F,4.5 out of 5 stars,"69,990"
"ASUS VivoBook 14 (2021), Intel Core i5-1135G7 11th Gen, 14-inch (35.56 cms) FHD Thin and Light Laptop (8GB/1TB HDD + 256GB SSD/Office 2021/Windows 11/Iris Xe Graphics/Silver/1.6 Kg), X415EA-EK572WS",/ASUS-VivoBook-i5-1135G7-Graphics-X415EA-EK572WS/dp/B09DX8FZSL,,"57,490"
"Lenovo IdeaPad 3 10th Gen Intel Core i5 15.6 FHD Thin and Light Laptop (8GB/512GB SDD/Windows 11/MS Office 2021/2Yr Warranty/Platinum Grey/1.85Kg), 81WE01MAIN",/Lenovo-IdeaPad-Warranty-Platinum-81WE01MAIN/dp/B09MKPRM3D,4.2 out of 5 stars,"49,990"
"ASUS VivoBook 14 (2021), 14-inch (35.56 cms) FHD, Intel Core i7-1065G7 10th Gen, Thin and Light Laptop (16GB/512GB SSD/Integrated Graphics/Office 2021/Windows 11/Silver/1.6 Kg), X415JA-EK701WS",/ASUS-VivoBook-i7-1065G7-Integrated-X415JA-EK701WS/dp/B09LJ4VLHH,,"59,990"
"HP Envy x360 AMD Ryzen 5 13.3 inches FHD Touchscreen Convertible Laptop (16GB/512GB SSD/Windows 11 Home/MS Office 2019/Nightfall Black/1.32kg), 13-ay0533AU",/HP-Touchscreen-Convertible-Nightfall-13-ay0533AU/dp/B09GVM6R6Q,4.3 out of 5 stars,"81,490"
"(Renewed) ASUS TUF Dash F15 (2021) 15.6-inch (39.62 cms) FHD 144Hz, Intel Core i7-11370H 11th Gen, RTX 3050 Ti 4GB Graphics, Gaming Laptop (16GB/1TB SSD/Office 2019/Windows 10/Gray/2 Kg), FX516PEZ-HN105TS",/ASUS-15-6-inch-i7-11370H-RTX-3050-Ti-FX516PEZ-HN105TS/dp/B09PLCKK9K,,"81,592"
"Lenovo IdeaPad Slim 5 AMD Ryzen 5 5500U 15.6"" (39.62cm) FHD IPS Thin & Light Laptop (8GB/512GB SSD/Windows 10/MS Office/Backlit Keyboard/Fingerprint Reader/Graphite Grey/1.66Kg), 82LN00B4IN",/Lenovo-Keyboard-Fingerprint-Graphite-82LN00B4IN/dp/B09C5W82FV,4.4 out of 5 stars,"54,410"
,,,
,,,
,,,
ASUS VivoBook 15-X515EA-BR391TS-Intel Core i3-1115G4 / 8GB RAM / 1TB HDD / Win 10 Home + McAfee / Ms Office H&S 2019 / 15.6” FHD / 1.75 kg / Grey /1 Yr. Warranty,/ASUS-VivoBook-15-X515EA-BR391TS-Intel-i3-1115G4-Warranty/dp/B09L4YCPNS,3.7 out of 5 stars,"38,790"
"HP Pavilion Gaming 10th Gen Intel Core i5 Processor 39.62 cm(15.6-inch) FHD Gaming Laptop (8GB/512GB SSD + 32GB Intel Optane/Windows 10/NVIDIA 1650Ti 4GB/Shadow Black), 15-dk1508TX",/HP-Pavilion-Processor-15-6-inch-15-dk1508TX/dp/B08ZN6KNP1,4.4 out of 5 stars,"67,490"
"Acer Aspire 5 11th Gen Core i5 15.6-inch (39.6 cms) Full HD Thin & Light Laptop- (8 GB/1TB HDD/Windows 10 Home/Intel Iris Xe Graphics/Pure Silver/1.65 KG), A515-56, Large",/Acer-15-6-inch-Laptop-Graphics-A515-56/dp/B099ZZX3QW,5.0 out of 5 stars,"49,946"
"Lenovo IdeaPad Slim 5 AMD Ryzen 7 5700U 14"" (35.56cm) FHD IPS Thin & Light Laptop (8GB/512GB SSD/Windows 10/MS Office/Backlit Keyboard/Fingerprint Reader/Graphite Grey/1.39Kg), 82LM009AIN",/Lenovo-Keyboard-Fingerprint-Graphite-82LM009AIN/dp/B096SJSQN7,4.3 out of 5 stars,"59,810"
"Dell 14 (2021) i7-1195G7 2in1 Touch Screen Laptop, 16GB, 512GB SSD, Win 10 + MS Office, 14.0"" (35.56 cms) FHD Display, Backlit KB, FPR + Active Pen, Platinum Silver (Inspiron 5410, D560596WIN9S)",/Dell-i7-1195G7-Platinum-5410-D560596WIN9S/dp/B09F3QKQH6,4.6 out of 5 stars,"94,700"
Mi Notebook Horizon Edition 14 Intel Core i7-10510U 10th Gen Thin and Light Laptop(8GB/512GB SSD/Windows 10/Nvidia MX350 2GB Graphics/Grey/1.35Kg)(Without Webcam) XMA1904-AF,/Notebook-Horizon-i7-10510U-Graphics-XMA1904-AF/dp/B089DFJHZ8,4.2 out of 5 stars,"57,790"
"(Renewed) Dell Intel Core i3 4005U 14-Inch (35.56 cms) HD (1366 X 768) Pixels Laptop (4 GB/128 GB SSD/Windows 10 Pro/Intel/Grey/1.75 Kg), 3340-i3-4-128",/Renewed-Dell-14-Inch-Windows-3340-i3-4-128/dp/B08SML9W2R,4.1 out of 5 stars,"24,698"
"Lenovo IdeaPad Slim 5 11th Gen Intel Core i5 14"" (35.56cm) FHD Thin & Light Laptop (16GB/512GB SSD/Windows 11/MS Office/Backlit Keyboard/Fingerprint Reader/Graphite Grey/1.65Kg), 82FE016HIN",/Lenovo-Keyboard-Fingerprint-Graphite-82FE016HIN/dp/B09GV4WFD5,4.2 out of 5 stars,"63,517"
"Dell 14 (2021) AMD Ryzen 5-3450U Laptop 8GB, 256GB SSD, Windows 10 + MS Office, Vega Graphics, 14.0 inches FHD Display/ Dune Color (Vostro 3405, D552180WIN9D), 1.59kg",/Dell-5-3450U-Graphics-3405-D552180WIN9D/dp/B09F3S4QRZ,3.6 out of 5 stars,"45,190"
"Lenovo IdeaPad Slim 5 11th Gen Intel Core i5 14"" (35.56cm) FHD IPS Thin & Light Laptop (8GB/512GB SSD/Windows 10/MS Office/Backlit Keyboard/Fingerprint Reader/Graphite Grey/1.39Kg), 82FE00T9IN",/Lenovo-Keyboard-Fingerprint-Graphite-82FE00T9IN/dp/B09C5WY7BM,4.3 out of 5 stars,"58,990"
"Lenovo IdeaPad Gaming 3 Intel Core i5 10th Gen 39.62 cm (15.6-inch) FHD 120Hz IPS Gaming Laptop (8GB/1TB HDD +256GB SSD/Windows 10/NVIDIA GTX 1650 4GB GDDR6/Onyx Black/2.2Kg), 81Y4017TIN",/Lenovo-IdeaPad-15-6-inch-Windows-81Y4017TIN/dp/B094XK1B8P,4.3 out of 5 stars,"62,990"
"Acer Swift 3 SF314-43 Thin and Light Laptop | 14"" Full HD IPS Display | AMD Ryzen 5 5500U Processor |8GB| 512GB SSD| WiFi 6| Backlit KB | Fingerprint Reader | Win 10 Home | MS Office | Alexa Built-in",/Acer-SF314-43-Display-Processor-Fingerprint/dp/B099ZZDCFL,4.0 out of 5 stars,"59,521"
"(Renewed) Hp ProBook 6th Gen Core i5 Laptop, 8 GB RAM, 256GB SSD, Intel HD Graphics, 14 inch (36.83 cms) FHD Screen, Windows 11 (Upgraded), MS Office, Black, Slim",/Renewed-ProBook-Graphics-Windows-Upgraded/dp/B09NGMBZGB,1.0 out of 5 stars,"30,999"
"Dell 15 (2021) R5-5500U, 8GB, 512GB SSD, Win 11 + MS Office'21, AMD Vega Graphics, 15.6"" (39.62 cms) FHD Display, Platinum Silver Color, FPR + Backlit KB (Inspiron 5515, D560630WIN9S)",/Dell-R5-5500U-Inspiron-5515-D560630WIN9S/dp/B09NLRYG4B,,"56,251"
"MSI GF75 Thin, Intel i7-10750H, 17.3"" (43.9 cm) FHD IPS-Level 144Hz Panel Laptop (8GB/512GB NVMe SSD/Windows 10 Home/Nvidia GTX1650 4GB GDDR6/Black/2.2Kg), 10SCXR-654IN",/MSI-i7-10750H-IPS-Level-Windows-10SCXR-654IN/dp/B093L8QGL7,4.4 out of 5 stars,"76,490"
"Dell 14 (2021) i3-1125G4 2in1 Touch Screen Laptop, 8Gb RAM, 512Gb SSD, 14” (35.56 cms) FHD Display, Win 10 + MSO, Backlit KB + FPR + Active Pen, Silver Metal Color (Inspiron 5410, D560531WIN9S)",/Dell-i3-1125G4-Inspiron-5410-D560531WIN9S/dp/B097SZ1DPQ,4.1 out of 5 stars,"62,990"
,,,
,,,
,,,
"HP 250 G8 Core i5 11th Gen - (8 GB/1 TB HDD/Windows 10) 250 G8 Intel Core i5 Business Laptop 39.62 cm (15.6 inch, Black Grey, 1.78 kg)",/HP-250-G8-Core-i5/dp/B092QWM5ZJ,3.5 out of 5 stars,"53,490"
"Dell 15 (2021) Intel i5-1135G7 Laptop, 8GB, 1TB HDD + 256GB SSD, Windows 10 + MS Office, NVIDIA MX350 2GB Graphics, 15.6 inches FHD Display, Carbon Color (Inspiron 3511, D560585WIN9BE), 1.8kg",/Dell-i5-1135G7-Graphics-3511-D560585WIN9BE/dp/B09F3R7ZJ6,3.4 out of 5 stars,"63,790"
"Lenovo IdeaPad Slim 5 11th Gen Intel Core i5 15.6"" FHD IPS Thin & Light Laptop (8GB/256GB SSD + 1TB HDD/Win 10/Office/NVIDIA GeForce MX450 2GB/Fingerprint Reader/Graphite Grey/1.66Kg), 82FG010AIN",/Lenovo-IdeaPad-Fingerprint-Graphite-82FG010AIN/dp/B096SJT7TY,4.2 out of 5 stars,"63,990"
"ASUS ROG Strix G17 (2021) 17.3-inch (43.94 cms) FHD 144Hz, AMD Ryzen 7 4800H, GTX 1650 4GB Graphics, Gaming Laptop (8GB/512GB SSD/Windows 10/Gray/2.4 Kg), G713IH-HX020T",/ASUS-17-3-inch-GTX-1650-Graphics-G713IH-HX020T/dp/B09CBZFPZR,4.5 out of 5 stars,"79,990"
"HP Pavilion 14, Ryzen 5- 16GB/512GB SSD 14-inch Laptop, FHD Micro-Edge Anti-Glare Display/Backlit KB/Alexa/B&O Audio/Fingerprint Reader/720p Camera/Win 11 ready/3D Metal Design/1.41 Kg, 14-ec0033AU",/HP-Pavilion-Micro-Edge-Fingerprint-14-ec0033AU/dp/B09HV2C4ZX,3.3 out of 5 stars,"59,390"
"HP Victus AMD Ryzen 5 5600H 16.1 inches FHD Gaming Laptop (8GB RAM/512GB SSD/4GB RTX 3050 Graphics/Flicker Free Display/Windows 10 Home/MS Office/Mica Silver/2.48 Kg), 16-e0076AX, Black",/HP-Graphics-Flicker-Display-16-e0076AX/dp/B098QBZF1N,4.3 out of 5 stars,"69,990"
"Dell 15 (2021) i5-10200H Gaming Laptop, 8Gb RAM, 512Gb SSD, 15.6” (39.62 cms) FHD 120Hz 250 nits Display, NVIDIA GTX 1650 4GB Graphics, Win 10, Ascent Solid Color (G15 5510, D560452WIN9A)",/Dell-i5-10200H-G15-5510-D560452WIN9A/dp/B097C2BRKJ,4.1 out of 5 stars,"74,990"
"(Renewed) DELL Latitude 3340 13.3-inch Touch Laptop (4th Gen Core i3 Processor /4GB Ram/500 GB HDD /Windows 10/Webcam & Mic, 6months Pan India Warranty), Grey Colour",/Renewed-Latitude-13-3-inch-Processor-Warranty/dp/B09KNN7PGK,3.5 out of 5 stars,"22,900"
"Dell 14 (2021) Ryzen 3-3250U, 8GB, 1TB HDD, Win 11 + MS Office'21, AMD Vega Graphics, 14"" (35.56 cms) FHD Display, Accent Black (Vostro 3405, D552234WIN9B)",/Dell-Office21-Vostro-3405-D552234WIN9B/dp/B09NLS4ZMH,,"37,890"
"Lenovo V15 AMD 39.62 cm (15.6-inch) FHD Thin and Light Laptop (AMD Athlon Gold 3150U/ 4GB RAM/ 1TB HDD/ Windows 10 Home/Integrated AMD Radeon Graphics/ Iron Grey), 82C700JEIH",/Lenovo-15-6-inch-Integrated-Graphics-82C700JEIH/dp/B095YWBXFH,3.1 out of 5 stars,"30,900"
"Lenovo V15 Intel Core i3 10th Gen 15.6 inches FHD Business Laptop (4GB RAM/Windows 10 Home/ 256GB SSD/1.85 kg), 82C500XXIH",/Lenovo-inches-Business-Windows-82C500XXIH/dp/B0979M4T4X,3.7 out of 5 stars,"39,175"
"(Renewed) HP Chromebook Intel Celeron 14-Inch (35.56 cms) 1366 x 768 (HD Ready) Laptop (4 GB/64 GB SSD/Chrome OS/Intel UHD Graphics 600/Ceremic White/1.46 Kg), 14a-na0002TU",/Renewed-HP-Chromebook-Graphics-14a-na0002TU/dp/B08PKSL9NL,3.6 out of 5 stars,"21,590"
"Dell Inspiron 3501 39.62 cm (15.6"") FHD Display Laptop (11th Gen i3-1115G4/ 8GB / 1 TB HDD/ Integrated Graphics/ Win 10 + MSO/ Soft Mint Color) D560424WIN9S",/Dell-Inspiron-3501-Integrated-D560424WIN9S/dp/B0919HLGYC,3.7 out of 5 stars,"43,300"
"AVITA Essential Refresh NE14A2INC44A-MB Intel Celeron-N4020 14 inches (4GB/256GB SSD/Windows 10 Home/FHD/Integrated Graphics, 1920 x 1080 - LCD, Matt Black, 1.37 kg)",/AVITA-Essential-NE14A2INC44A-MB-Celeron-N4020-Integrated/dp/B08YR9DDVZ,3.7 out of 5 stars,"24,600"
"Dell 15 (2021) Laptop i3-1115G4, 8GB, 1TB HDD, Win 11 + MS Office, Integrated Graphics, 15.6"" (39.61 cms) FHD Display, Carbon Color (Inspiron 3511, D560646WIN9B)",/Dell-i3-1115G4-Integrated-3511-D560646WIN9B/dp/B09NRG7BB5,,"41,599"
"Lenovo Ideapad 3 Intel Celeron N4020 14"" HD Thin and Light Laptop (4GB/256GB SSD/Windows 11 Home/MS Office 2021/Platinum Grey) 81WH007YIN",/Lenovo-Ideapad-Celeron-Platinum-81WH007YIN/dp/B09LHGYQRP,,"31,899"
,,,
,,,
,,,
"Dell Vostro 3400 14 inches FHD Display Laptop (Intel i5-1135G7 / 8GB / 1TB HDD + 256GB SSD / Integrated Graphics / Windows 10 + MSO / Black) D552186WIN9BE, 1.59kg",/Dell-Vostro-3400-Integrated-D552186WIN9BE/dp/B097T1WN1Y,4.1 out of 5 stars,"67,990"
(Renewed) HP ChromeBook 11.6 inch (29.46 cm) HD Laptop (AMD A4/4 GB DDR4 RAM/16 GB eMMC SSD + 32GB microSD card/HP WARRANTY/Wifi/Webcam/Chrome OS/Bluetooth 4.2/AMD R4 Graphics/Thin & Light),/HP-ChromeBook-WARRANTY-Bluetooth-Graphics/dp/B09JZB355H,5.0 out of 5 stars,"17,999"
"HP Pavilion Aero, Ryzen 5-16GB/1TB SSD 13.3-inch WUXGA Laptop, Ultra-Thin & Light 970 gm, 400 Nits Anti-Glare 100% RGB Display/B&O Audio/Alexa/Fingerprint Reader/Backlit KB/Win 11 Ready, 13-be0208au",/HP-Ultra-Thin-Anti-Glare-Fingerprint-13-be0208au/dp/B09KGR3PBY,5.0 out of 5 stars,"86,490"
"Dell Vostro 3400 14"" FHD Display Laptop (i5-1135G7 / 8GB / 512GB SSD / Nvidia 2GB MX330 Graphics / Win10 + MSO / Dune Color) D552183WIN9DE",/Dell-Vostro-3400-i5-1135G7-D552183WIN9DE/dp/B097SZ295X,4.2 out of 5 stars,"63,090"
"Lenovo V14 Intel Core i5 11th Gen 14"" (35.56cm) FHD IPS 300 nits Thin and Light Laptop (8GB RAM/512GB SSD/Windows 10/MS Office/Iris® Xe Graphics/Iron Grey/1.60 kg), 82KA00LLIH + 15.6"" Backpack",/Lenovo-35-56cm-Graphics-82KA00LLIH-Backpack/dp/B09LV8VZZY,,"55,907"
AVITA PURA E14 NS14A6ING431- LGB Thin and Light 14 inches Laptop AMD Radeon R4 (APU Dual Core A6/4GB/128GB SSD /Win 10 Home) 1.34 kg Leaf Green,/AVITA-NS14A6ING431-inches-Laptop-Radeon/dp/B09PVJ8D1T,,"22,990"
"ASUS TUF Dash F15 (2021), 15.6-inch (39.62 cms) FHD 144Hz, Intel Core i5-11300H 11th Gen, RTX 3050 4GB Graphics Gaming Laptop (8GB RAM/512GB SSD/Windows 10/White/2 kg), FX516PC-HN057T, Moonlight White",/ASUS-15-6-inch-i5-11300H-FX516PC-HN057T-Moonlight/dp/B096KWK1DB,4.0 out of 5 stars,"71,990"
"Lenovo IdeaPad Slim 3 10th Gen Intel Core i5 15.6"" (39.62cm) FHD IPS Thin & Light Laptop (8GB/512GB SSD/Windows 11/MS Office 2021/2 Yr Warranty/Platinum Grey/1.7Kg), 81WB01BJIN",/Lenovo-IdeaPad-Warranty-Platinum-81WB01BJIN/dp/B09JC11DKL,3.5 out of 5 stars,"53,510"
"Acer Aspire 5 A515-56 Thin and Light Laptop | 15.6"" Full HD IPS Display | 11th Generation Intel Core i5-1135G7 Processor | 8GB DDR4 |256GB SSD | 1TB HDD|Backlit KB| WiFi 6| Windows 10 Home | MS Office",/Acer-A515-56-Generation-i5-1135G7-Processor/dp/B099ZHBLMD,3.9 out of 5 stars,"52,490"
"Dell 15 (2021) Intel i5-1135G7 Laptop, 8GB, 256GB SSD, Windows 10 + MS Office, Integrated Graphics, 15.6 inches FHD Display, Carbon Color (Inspiron 3511, D560506WIN9BE), 1.8kg",/Dell-i5-1135G7-Integrated-3511-D560506WIN9BE/dp/B09F3Q5JCN,3.6 out of 5 stars,"56,990"
"HP Pavilion x360 11th Gen Intel Core i3 14-inch(35.6 cm) FHD Touchscreen Convertible Laptop (8GB/512GB SSD/Windows 10/MS Office 2019/Fingerprint Reader/1.52kg), 14-dy0002TU, Silver",/HP-Touchscreen-Convertible-Fingerprint-14-dy0002TU/dp/B09GVM3GK3,4.7 out of 5 stars,"59,990"
"Dell Vostro 3401 14 inches FHD Display Laptop (Intel i3-1005G1/ 8GB / 512 SSD/ Windows 10 + MSO/ Integrated Graphics/ Dune Color) D552171WIN9D, 1.58kg",/Dell-Vostro-3401-Integrated-D552171WIN9D/dp/B094Y66T3R,5.0 out of 5 stars,"45,499"
"(Renewed) HP EliteBook 6th Gen Core i5 Laptop, 16 GB RAM, 512GB SSD, Intel HD Graphics, 14 inch (36.83 cms) FHD Screen, Windows 11 (Upgraded), MS Office, Fingerprint sensor, Silver , Ultra Slim",/HP-EliteBook-Graphics-Upgraded-Fingerprint/dp/B09KM3M2QZ,,"35,999"
"HP 250 G7 Commercial Laptop (10th Gen Intel Core i5, 8GB RAM, 1TB HDD, Windows 10), 1S5F9PA - for Small and Medium Business",/HP-Laptop-Core-DVDRW-Win10/dp/B08DMG6S5R,3.6 out of 5 stars,"49,999"
Acer One 14 cm 35.56 cm (14-inch) Laptop AMD A6 Processor (4GB RAM/1TB HDD/AMD Radeon Integrated Graphics/Windows 10 Home 64 Bit) Z3-471,/Acer-Processor-Integrated-Graphics-Z3-471/dp/B08QNMYDQ9,3.5 out of 5 stars,
"MSI GF75 Thin, Intel i5-10500H, 17.3 inches FHD IPS-Level 144Hz Panel Gaming Laptop (8GB/512GB NVMe SSD/Windows 10 Home/NVIDIA GTX1650 4GB GDDR6/Black/2.2Kg), 10SCXR-655IN",/MSI-i5-10500H-IPS-Level-Windows-10SCXR-655IN/dp/B093L9SYZP,4.2 out of 5 stars,"66,490"
,,,
,,,
,,,
"ASUS Vivobook 14 Intel Core i3 10th Gen (14.1 inches, 4 GB/1 TB HDD/Windows 10 Home) X409FA-BV301T Thin and Light Laptop (Slate Grey, 1.6 kg)",/ASUS-Vivobook-inches-Windows-X409FA-BV301T/dp/B09DL27QLK,3.3 out of 5 stars,"34,880"
"HP Pavilion Gaming AMD Ryzen 5 15.6 inches FHD Gaming Laptop (8GB/512GB SSD/144Hz/RTX 3050 4GB Graphics/Windows 10 Home/MS Office 2019/1.98kg), 15-ec2075AX, Black",/HP-Pavilion-Graphics-Windows-15-ec2075AX/dp/B09H6R5J1H,4.0 out of 5 stars,"74,617"
"ASUS TUF Gaming F15 (2021) 15.6-inch (39.62 cms) FHD 144Hz, Intel Core i5-11400H 11th Gen, RTX 3050 4GB Graphics, Gaming Laptop (8GB/512GB SSD/Windows 10/Gray/2.3 Kg), FX566HCB-HN229T",/ASUS-15-6-inch-i5-11400H-RTX-3050-FX566HCB-HN229T/dp/B09CDCQ6BQ,4.3 out of 5 stars,"78,099"
"Acer Aspire 3 AMD Ryzen 3 3250U Processor 15.6"" (39.6 cms) Full HD Laptop - (4 GB/256 GB SSD/Windows 10 Home/AMD Radeon Graphics /1.9Kg/Silver) A315-23",/Acer-Aspire-Ryzen-Processor-Laptop/dp/B09G99HL7S,3.7 out of 5 stars,"34,500"
"Dell 14 (2021) i3-1125G4 2in1 Touch Screen Laptop, 8GB, 256GB SSD, Win 11 + MSO'21, UMA Graphics, 14"" (35.56 cms) FHD, Platinum Silver Color, FPR + Backlit KB (Inspiron 5410, D560725WIN9SE)",/Dell-i3-1125G4-Inspiron-5410-D560725WIN9SE/dp/B09NLSS2NG,,"53,990"
"(Renewed) HP Intel 6th Gen Core i5-6267U 14.5-Inch (36.83 cms) HD (1366 X 768) MP Laptop (16 GB/512 GB SSD/Windows 10 Pro/MS Office 2019 /Intel/Silver/2.40 Kg), 840 G3",/Renewed-HP-i5-6267U-14-5-Inch-840/dp/B091N6NNY6,4.2 out of 5 stars,"35,449"
"2021 Newest Dell Inspiron 3511 15.6 FHD Screen Laptop, 11th Gen Intel Core i3-1115G4, 8GB DDR4 RAM, 1T Hard Disk Drive, Wi-Fi, HDMI, Webcam, Bluetooth, Windows 11 Home, Black",/Dell-Inspiron-3511-i3-1115G4-Bluetooth/dp/B09J79PPT5,1.0 out of 5 stars,"40,999"
"Lenovo Legion 5 10th Gen Intel Core i5-10300H 15.6"" (39.63cm) FHD IPS Gaming Laptop (8GB/512GB SSD/Windows 10/NVIDIA GTX 1650 4GB/120Hz Refresh/Phantom Black/2.3Kg), 82AU00PMIN + 15.6"" Backpack",/Lenovo-i5-10300H-39-63cm-82AU00PMIN-Backpack/dp/B09LV7Y3TB,4.4 out of 5 stars,"66,017"
"HP Pavilion 14, Intel 11th Gen Core i7 16GB RAM/1TB SSD 14-inch Laptop, FHD Micro-Edge Anti-Glare Display/Iris Xᵉ Graphics/Backlit KB/B&O Audio/Fingerprint Reader/ Win 11 Ready/1.41kg, 14-dv0058TU",/HP-Pavilion-Graphics-35-56cms-14-dv0058TU/dp/B08WB857GB,4.4 out of 5 stars,
"LG Gram 17-inches Ultra-Light Intel Evo 11th Gen Core i7,16 GB RAM, 512 GB SSD, New Win-11 Preload, Iris Xe Graphics, USC -C x 2 (with Power), 1.35 kg, 3 Yr Warranty (17Z90P-G.AH85A2, Black)",/LG-17-inches-Ultra-Light-Graphics-17Z90P-G-AH85A2/dp/B09MHV4CHB,4.6 out of 5 stars,"99,990"
"HP Envy x360 AMD Ryzen 5 4500U 13.3 inches Convertible Touchscreen FHD Laptop (8GB/512GB SSD/Windows 11 Home/MS Office/Night Fall Black/1.32kg), 13-ay0045AU",/HP-Convertible-Touchscreen-13-3-inch-13-ay0045AU/dp/B08D5F4B6M,4.4 out of 5 stars,"72,990"
"Dell Inspiron 3501 15.6 inches FHD Display Laptop (Intel i5-1135G7 / 4GB / 1TB HDD + 256GB SSD / Integrated Graphics / Windows 10 + MSO / Soft Mint Color) D560437WIN9SE, 1.83kg",/Dell-Inspiron-i5-1135G7-Integrated-D560437WIN9SE/dp/B08X4PZZMM,4.0 out of 5 stars,"56,990"
"HP 250 G8 Laptop (11th Gen Intel Core i3-1115G4/8GB DDR4 Ram / 512GB SSD/Windows 10/39.62 cm (15.6 inch) HD/Intel UHD Graphics) 42V68PA (Dark Ash Silver, 1.74 kg)",/HP-i3-1115G4-Windows-Graphics-42V68PA/dp/B096G1V3RC,4.2 out of 5 stars,"42,490"
"Acer Aspire 5 A514-54 Thin and Light Laptop | 14"" Full HD IPS Display | 11th Gen Intel Core i5-1135G7 Processor | 8GB DDR4 |512 GB SSD| WiFi 6| Windows 11 Home | Backlit Keyboard | MS Office 2021",/Acer-A514-54-i5-1135G7-Processor-Keyboard/dp/B09DSV4LP9,4.3 out of 5 stars,"54,490"
"Victus by HP AMD Ryzen 5 5600H 16.1 inches FHD Gaming Laptop (8GB RAM/512GB SSD/4GB GTX 1650 Graphics/B&O Audio/Flicker Free Display/Windows 10 Home/MS Office/2.48 Kg), 16-e0075AX",/HP-Graphics-Flicker-Display-16-e0075AX/dp/B098QB1TPX,4.2 out of 5 stars,"63,490"
"Lenovo IdeaPad Slim 3 10th Gen Intel Core i3 14"" (35.56cm) FHD Thin & Light Laptop (8GB/256GB SSD/Windows 10/MS Office/Intel UHD Graphics/2 Year Warranty/Platinum Grey/1.5Kg), 81WA00K4IN",/Lenovo-Graphics-Warranty-Platinum-81WA00K4IN/dp/B0999C3WM9,4.2 out of 5 stars,"41,980"
,,,
,,,
,,,
"Victus by HP Ryzen 7-5800H 16.1 inch(40.9 cm) FHD Gaming Laptop (16 GB RAM/ 512 GB SSD/ 4GB RTX 3050 Graphics/ Flicker Free, 144Hz Display/ Alexa Built-in/ Win 11/ MS Office/ 2.48 Kg) - 16-e0351AX",/HP-7-5800H-Graphics-Flicker-Display/dp/B09LM3RZ1Q,5.0 out of 5 stars,"89,990"
"Lenovo Legion 5 10th Gen Intel Core i5-10300H 15.6"" (39.62cm) FHD IPS Gaming Laptop (8GB/512GB SSD/Windows 10/NVIDIA GTX 1650 4GB/120Hz Refresh Display/Phantom Black/2.3Kg), 82AU00Q0IN",/Lenovo-i5-10300H-39-62cm-Windows-82AU00Q0IN/dp/B09C5X6H5J,4.5 out of 5 stars,"62,400"
"AVITA Essential NE14A2INC433-CR Intel 14 inches Business Laptop (Celeron N4000/4GB/128GB SSD/Window 10 Home in S Mode/Integrated Graphics/1.37kg), Concrete Grey",/AVITA-Essential-NE14A2INC433-CR-Integrated-Graphics/dp/B08DDYYZ3G,3.9 out of 5 stars,
"Dell Vostro 5415 14.0 inches FHD Display Laptop (AMD R5-5500U / 8GB / 512GB SSD / Integrated Graphics / Windows 10 + MSO / Backlit KB + FPR / Titan Grey Color) D552192WIN9S, Titan Gray, 1.43kg",/Dell-Vostro-5415-Integrated-D552192WIN9S/dp/B097SZ3P33,4.0 out of 5 stars,"60,290"
"HP Pavilion Gaming 11th Gen Intel Core i5 15.6-inch(39.6 cm) FHD Gaming Laptop (8GB RAM/512GB SSD/RTX 3050 4GB Graphics/144 Hz/B&O/Win 10/MS Office/2.23Kg), 15-dk2012TX, Black",/HP-Pavilion-15-6-inch-Graphics-15-dk2012TX/dp/B09J2GR7X3,5.0 out of 5 stars,"76,490"
"Dell 14 (2021) Thin & Light i3-1005G1 Laptop, 4Gb RAM, 1TB HDD + 256GB SSD, 14” FHD AG Display, Win 10 + MSO,Black + Wireless Mouse + Microsoft 365 Personal 12-Month Subscription",/Dell-i3-1005G1-Wireless-Microsoft-Subscription/dp/B09GKX896B,,"40,590"
"Dell 14 (2021) i3-1005G1, 8GB, 512GB SSD, Win 11 + MS Office'21, Integrated Graphics, 14"" (35.56 cms) FHD Display, Dune Color (Vostro 3401, D552224WIN9D)",/Dell-Integrated-Vostro-3401-D552224WIN9D/dp/B09NLRP8K6,,"44,490"
"Acer Aspire 5 A515-56 Thin and Light Laptop | 15.6"" Full HD Display | 11th Gen Intel Core i5-1135G7 Processor | 8GB DDR4 |512GB SSD | HD Webcam|Backlit KB| WiFi 6| Windows 10 Home | MS Office | 1.65Kg",/Acer-A515-56-Display-i5-1135G7-Processor/dp/B096SN1LYF,3.8 out of 5 stars,"61,400"
"Dell Inspiron 7415 AMD R5 5500U 14 inches FHD Touch Display 2 in 1 Business Laptop (8GB/512GB SSD/Intel Integrated Graphics/Windows 10 + MSO/Backlit KB + FPR + Active Pen /Pebble Metal Color, 1.5kg) D560470WIN9P",/Dell-Inspiron-7415-Integrated-D560470WIN9P/dp/B095S8HPMY,4.2 out of 5 stars,"70,300"
"Lenovo IdeaPad Slim 5 Pro 11th Gen Intel Core i5 14""(35.56cm) QHD IPS 300Nits Thin & Light Laptop(16GB/512GB SSD/2GB MX450 Graphics/Win10/Office/Backlit KB/3Yr Warranty/Storm Grey/1.41Kg), 82L3009MIN",/Lenovo-IdeaPad-Graphics-Warranty-82L3009MIN/dp/B09FHQQQL8,4.1 out of 5 stars,"73,490"
"HP Pavilion 13, 11th Gen Intel Core i7, 13.3-inch(33.8 cm) FHD,IPS, Micro-Edge Laptop (16GB RAM/ 1TB SSD/ Win 10/ FPR/Audio B&O/Alexa Built-in/MS Office/ Ceramic White/ 1.24 Kg) -13-bb0078TU",/HP-Pavilion-13-3-inch-Micro-Edge-13-bb0078TU/dp/B09839P9XB,4.6 out of 5 stars,"86,990"
"Lenovo IdeaPad Slim 3 2021 11th Gen Intel Core i3 15.6"" (39.62cm) FHD Thin & Light Laptop (8GB/256GB SSD/DOS/2 Year Warranty/Arctic Grey/1.65Kg), 82H801DHIN",/Lenovo-IdeaPad-39-62cm-Warranty-82H801DHIN/dp/B09BCQCDF2,4.1 out of 5 stars,"39,600"
"HP 240 G8 (53L42PA) Laptop (Intel Core I3-1115g4/ 11th Gen/ 8GB RAM/ 1TB HDD/ Windows 10/14 Inch/ Black),1 Year Warranty",/HP-53L42PA-I3-1115g4-Windows-Warranty/dp/B09GRNWVX1,1.9 out of 5 stars,"42,698"
"MSI GF75 Intel Core i7-10750H, 17.3 inches FHD IPS-Level 144Hz Panel Thin Gaming Laptop (8GB/512GB NVMe SSD/Windows 10 Home/NVIDIA GTX1650 4GB GDDR6/Black/2.2Kg), 10SC-087IN (9S7-17F612-087)",/MSI-i7-10750H-IPS-Level-10SC-087IN-9S7-17F612-087/dp/B09BR9RQY7,4.3 out of 5 stars,"73,490"
"Lenovo ThinkPad E15 Intel Core i3 11th Gen 15.6-inch (39.62 cm) Full HD Thin and Light Laptop (4GB RAM/256GB SSD/DOS/FPR/Black/1.7 kg), 20TDS0A200",/Lenovo-ThinkPad-15-6-inch-Laptop-20TDS0A200/dp/B08Y938BLK,4.1 out of 5 stars,"40,990"
"Lenovo V15 Intel Core i3 11th Gen 15.6"" (39.62 cm) FHD Thin and Light Laptop (4GB RAM/256GB SSD/Windows 10/MS Office/Iron Grey/1.7 kg), 82KB00M0IH",/Lenovo-V15-Laptop-Windows-82KB00M0IH/dp/B09BVYXPWP,4.0 out of 5 stars,"38,490"
,,,
,,,
,,,
"Lenovo IdeaPad Slim 3 2021 11th Gen Intel Core i5 15.6 inches FHD Thin & Light Business Laptop (8GB/512GB SSD/Windows 10/MS Office/Backlit Keyboard/Arctic Grey/1.65Kg), 82H8014BIN",/Lenovo-IdeaPad-Business-Keyboard-82H8014BIN/dp/B096359ZZG,4.1 out of 5 stars,"60,955"
"ASUS VivoBook K15 OLED, Intel Core i5-1135G7 11th Gen, 15.6-inch (39.62 cm) FHD OLED, Thin and Light Laptop (16GB/512GB SSD/Office 2019/Windows 10/Iris Xe Graphics/Black/1.8 Kg), K513EA-L512TS",/ASUS-VivoBook-i5-1135G7-15-6-inch-K513EA-L512TS/dp/B098F7RXYR,4.0 out of 5 stars,"67,490"
"Lenovo IdeaPad Slim 5 Pro 11th Gen Intel Core i5 14""(35.56cm) QHD IPS 300Nits Thin & Light Laptop (16GB/512GB SSD/Windows 10 Home/MS Office/Backlit Keyboard/3Yr Warranty/Storm Grey/1.38Kg), 82L3009LIN",/Lenovo-IdeaPad-Keyboard-Warranty-82L3009LIN/dp/B09DMGTJ1Q,4.2 out of 5 stars,"67,490"
"Dell Inspiron 5418 35.56 cm (14"") FHD Display Laptop (i5-11300H / 16GB / 512GB SSD / Integrated Graphics / Win10 + MSO / Backlit KB + FPR / Silver Color) D560481WIN9S",/Dell-Inspiron-5418-Integrated-D560481WIN9S/dp/B097SYTZJJ,4.4 out of 5 stars,"74,590"
"ASUS VivoBook Flip 14 (2020) Intel Core i3-1115G4 11th Gen 14 inches FHD Touch 2-in-1 Business Laptop, 1920 x 1080, LED, Windows 10 (8GB RAM/Office 2019/Silver/1.5 Kg), TP470EA-EC301TS",/ASUS-VivoBook-i3-1115G4-Integrated-TP470EA-EC301TS/dp/B08CDV49P2,4.4 out of 5 stars,"52,230"
"Dell Inspiron 5518 39.62 cm (15.6"") FHD AG 250nits Display Laptop (Ci5-11300H / 16GB / 512GB SSD / NVIDIA MX450 2GB Graphics / Win 10 + MSO / Backlit KB +FPR / Silver) D560480WIN9S",/Dell-Inspiron-5518-Ci5-11300H-D560480WIN9S/dp/B097C2N78Q,3.9 out of 5 stars,"75,690"
Dell Vostro 15 3000 (3501) 15.6'' Inch FHD | Intel i3 - 10th Gen | 8GB RAM 1TB HDD+256 SSD | Windows 10 - MS-Office H&S 2019 - 1.84kg- Dune,/Dell-Vostro-3000-15-6-Intel/dp/B09HS898T3,3.3 out of 5 stars,"43,990"
"HP Pavilion 14, Ryzen 5-16GB/512GB SSD 14-inch Laptop with NVIDIA GeForce MX450 2GB Graphics/FHD Anti-Glare Display/Backlit KB/B&O Audio/FP Reader/Win 11 ready/3D Metal Design/1.41 Kg, 14-ec0000AX",/HP-Pavilion-Graphics-Anti-Glare-14-ec0000AX/dp/B09G6XTPB8,4.2 out of 5 stars,"63,490"
"Dell Inspiron 3501 38.1 cm (15"") FHD Display Laptop (i3-1005G1 / 8GB / 256GB SSD / Integrated Graphics / Win 10 + MSO / Accent Black) D560396WIN9BE",/Dell-Inspiron-i3-1005G1-Integrated-D560396WIN9BE/dp/B08X4JQ58G,4.3 out of 5 stars,
"ASUS TUF Dash F15 (2021), 15.6"" (39.62 cms) FHD 144Hz, Intel Core i7-11370H 11th Gen, RTX 3050 Ti 4GB Graphics, Gaming Laptop (16GB/1TB SSD/Office 2019/Windows 10/Eclipse Gray/2 kg), FX516PE-HN088TS",/ASUS-TUF-F15-i7-11370H-FX516PE-HN088TS/dp/B094RDLV5P,4.4 out of 5 stars,"95,990"
Dell Vostro 3500 Laptop | 15.6 ''Inch Display | i5 11th Generation | 8GB RAM- 1TB HDD+256GB SSD |2GB Nvidia Graphics | Windows 10 | Backlit KB + Fingerprint Reader- Dune (D584007WIN8 ) 1.78kg,/Dell-Vostro-3500-Fingerprint-D584007WIN8/dp/B09HS7T42X,5.0 out of 5 stars,"63,490"
"Lenovo ThinkPad E15 Intel Core i3 11th Gen 15.6-inch (39.62 cm) FHD Antiglare Thin and Light Laptop (4GB RAM/256GB SSD/DOS/FPR/Black/1.7 kg), 20TDS0RE00",/Lenovo-ThinkPad-15-6-inch-Antiglare-20TDS0RE00/dp/B09K5T1FKD,4.0 out of 5 stars,"41,949"
"Lenovo ThinkPad E15 Intel Core i3 11th Gen 15.6-inch (39.62 cm) FHD Antiglare Thin and Light Laptop (4GB RAM/256GB SSD/Windows 11 Home/FPR/Black/1.7 kg), 20TD00HGIG",/Lenovo-ThinkPad-15-6-inch-Antiglare-20TD00HGIG/dp/B09K5QDLF2,4.8 out of 5 stars,"43,057"
"HP Pavilion Gaming 11th Gen Intel Core i5-11300H 15.6-inch(39.6 cm) FHD Gaming Laptop (8GB/512GB SSD/144 Hz/GTX 1650 4GB Graphics/Windows 11 Home/MS Office/2.23kg), 15-dk2095TX, Black",/HP-Pavilion-i5-11300H-15-6-inch-15-dk2095TX/dp/B09GVLLVLZ,4.5 out of 5 stars,"75,990"
"Dell Inspiron 3501 39.62 cm (15.6"") FHD Display Laptop (11th Gen i5-1135G7/ 8GB / 1TB + 256GB SSD /NVIDIA MX330 2GB Graphics / Win 10 + MSO / Soft Mint Color) D560439WIN9S",/Dell-Inspiron-i5-1135G7-Graphics-D560439WIN9S/dp/B0919LPGKH,4.3 out of 5 stars,"66,799"
"(Renewed) Lenovo Intel 4th Gen Core i7 15.6 Inch(39.62 cms) 1366 x 768 1366 X 768 Laptop (16GB RAM/500GB HDD/Windows 10 Pro/MS Office/ NVIDIA Graphics,Black,2.5kg) Lenovo ThinkPad w540",/Renewed-Lenovo-Windows-Graphics-ThinkPad/dp/B09HH9L4RX,,"45,999"
,,,
,,,
,,,
"Dell 15 (2021) Intel i7-11800H Gaming Laptop, 16GB, 512GB SSD, Windows 10 + MS Office, NVIDIA RTX 3050 Ti 4GB, 15.6 inches FHD, Backlit KB Orange, Dark Shadow Grey (G15 5511, D560546WIN9B), 2.65kg",/Dell-i7-11800H-G15-5511-D560546WIN9B/dp/B09F3Q5GTR,4.0 out of 5 stars,"1,02,190"
"ASUS VivoBook Ultra 15 (2020) Intel Core i3-1115G4 11th Gen, 15.6"" (39.62 cm) FHD Thin and Light Laptop (8GB RAM/256GB NVMe SSD/Windows 10/Office 2019/Integrated Graphics/White/1.8 Kg) X513EA-BQ313TS",/ASUS-i3-1115G4-15-6-inch-Integrated-X513EA-BQ313TS/dp/B08PQWFT2T,4.3 out of 5 stars,"43,990"
"Microsoft Surface Laptop 4 AMD Ryzen™ 5 4680U 13.5 inch Touchscreen Laptop (8GB/256GB SSD/Windows 10 Home /AMD Radeon™ Graphics/Platinum/1.265 kg, 25% Off on Microsoft 365)",/Microsoft-Touchscreen-RadeonTM-Graphics-Platinum/dp/B0933L1RWD,4.1 out of 5 stars,"97,400"
"Fujitsu UH-X 11th Gen Intel Core i5 13.3” (33.78cm) FHD IPS 400Nits 2-in1 Touch Convertible Laptop (8GB/512GB SSD/Win10/Office/Iris Xe Graphics/Backlit Kb/Black/997gms), 4ZR1D71992",/Fujitsu-33-78cm-Convertible-Graphics-4ZR1D71992/dp/B098P3DCDH,3.8 out of 5 stars,"67,990"
"HP 245 G8 AMD Ryzen 3 - 3300U 14 inches Business Laptop 4GB RAM/1TB HDD/Windows 10 /1366 X 768 HD/Radeon Vega 8 Graphics/NO ODD (1.52kg, Dark Ash Silver) 2021 Model - 366C9PA",/HP-245-G8-AMD-Ryzen/dp/B092HMYLLN,3.3 out of 5 stars,"34,990"
"Lenovo V14 Intel Core i5 11th Gen 14"" (35.56cm) FHD IPS 300 nits Thin and Light Laptop (16GB RAM/512GB SSD/Windows 10 Home/MS Office/Iris® Xe Graphics/Iron Grey1.60 kg), 82KA00LMIH",/Lenovo-V14-Graphics-Grey1-60-82KA00LMIH/dp/B09BYZ4RBC,,"59,990"
"Dell 15 (2021) i7-11370H Laptop, 16GB, 1TB SSD, Win 10 + MS Office, NVIDIA MX450 2GB Graphics, 15.6"" (39.62 cms) FHD AG 250 nits, Backlit KB + FPR, Platinum Silver (Inspiron 5518, D560456WIN9S)",/Dell-i7-11370H-Graphics-5518-D560456WIN9S/dp/B09F3PDMWW,,
"Lenovo Ideapad Slim 3 10th Gen Intel Core i3 15.6"" (39.62cm) FHD Thin & Light Laptop (4GB/256 GB SSD/UHD Graphics/Windows 10/MS Office/2 Year Warranty/Platinum Grey/1.7Kg), 81WB0112IN",/Lenovo-Graphics-Warranty-Platinum-81WB0112IN/dp/B09DMRQ6XB,4.3 out of 5 stars,
"ASUS VivoBook Flip 14 (2020), Intel Core i3-10110U 10th Gen, 14"" (35.56cms) FHD Touch, 2-in-1 Laptop (8GB/256GB SSD/Office 2019/Windows 10/Integrated Graphics/Blue/1.5 kg), TP412FA-EC382TS",/ASUS-VivoBook-i3-10110U-Integrated-TP412FA-EC382TS/dp/B095SRR2D6,4.4 out of 5 stars,"46,890"
ASUS VivoBook15 Intel Core i3-1115G4 15.6 inches Laptop (8GB RAM/256 GB NVMe SSD/Windows 10 Home+McAfee/Ms Office H&S 2019/FHD IPS/FP Reader/1.75 kg/Silver) X515EA-EJ312TS,/ASUS-VivoBook15-i3-1115G4-15-6-inch-X515EA-EJ312TS/dp/B0916C2XM3,4.2 out of 5 stars,"42,000"
"(Renewed) Lenovo Thinkpad L450 14 inch Laptop (Core I3 5th Gen/8GB/256 GB SSD/Windows 10 Pro/MS Office/Anti Glare Display/Webcam/Bluetooth/Wifi/Integrated Graphics), Black",/Lenovo-Thinkpad-Bluetooth-Integrated-Graphics/dp/B09HV8K9R3,,"27,990"
"Lenovo V15 Intel Core i5 11th Gen 15.6"" FHD Thin and Light Laptop (16GB RAM/512GB SSD/Windows 11 Home/MS Office Home & Student 2021/Iron Grey/1.70 kg),82KB00RJIH (V15 G2 ITL)",/Lenovo-V15-82KB00RJIH-G2-ITL/dp/B09H4FW97R,3.6 out of 5 stars,"58,990"
"(Renewed) Dell Latitude 2nd Gen Intel Core i5 14 inches 1366x768 Business Laptop (8 GB/500 GB/Windows 7/Integrated Graphics/Greyish Silver/2.40 Kg), E6420-i5-8 GB-500 GB",/Dell-E6420-i5-8-GB-500-GB-Integrated/dp/B07LB4XRWC,2.9 out of 5 stars,"24,898"
"HP Pavilion 14, Ryzen 5- 8GB/512GB SSD 14-inch Laptop, FHD IPS Micro-Edge Anti-Glare Display/Backlit KB/Alexa/B&O Audio/Fast Charge/720p Camera/Win 11 ready/3D Metal Design/1.41 kg, 14-ec0036AU",/HP-Pavilion-Micro-Edge-Anti-Glare-14-ec0036AU/dp/B09KGQ1FZ2,3.5 out of 5 stars,"55,499"
"(Renewed) ASUS TUF Gaming F15 (2021) 15.6-inch (39.62 cms) FHD 144Hz, Intel Core i7-11800H 11th Gen, RTX 3060 6GB Graphics, Gaming Laptop (16GB/1TB SSD/Windows 10/Gray/2.3 Kg), FX566HM-HN100T",/ASUS-15-6-inch-i7-11800H-RTX-3060-FX566HM-HN100T/dp/B09NSRCW39,,"97,742"
"HP 15 (2021) Thin & Light Ryzen 3-3250 Laptop, 8 GB RAM, 1TB HDD, 39.62 cms (15.6"") FHD Screen, Windows 10, MS Office (15s-gr0011AU)",/HP-3-3250-Laptop-Windows-15s-gr0011AU/dp/B08T6SJ215,3.9 out of 5 stars,
,,,
,,,
,,,
"ASUS TUF Dash F15 (2021) 15.6-inch (39.62 cms) FHD 144Hz, Intel Core i5-11300H 11th Gen, RTX 3050 4GB Graphics, Gaming Laptop (8GB/512GB SSD/Windows 10/White/2 Kg), FX516PCZ-HN089T",/ASUS-Dash-F15-15-6-inch-i5-11300H-FX516PCZ-HN089T/dp/B09CD4FRNX,3.7 out of 5 stars,"71,990"
"ASUS ROG Zephyrus G14 (2021), 14 inches FHD 144Hz, AMD Ryzen 9 5900HS, GeForce RTX 3050 4GB Graphics, Gaming Laptop (16GB/1TB SSD/Office 2019/Windows 10 Home/Moonlight White/1.6 Kg), GA401QC-HZ093TS",/ASUS-Zephyrus-GeForce-RTX-3050-Moonlight-GA401QC-HZ093TS/dp/B095S9KD18,4.5 out of 5 stars,"1,21,990"
(Renewed) HP ProBook 430 G1 13.3 inch (33.8 cm) HD Laptop (i5 4th Gen/8 GB RAM/1 TB HDD/Wifi/Bluetooth 4.0/Windows 10 Pro/MS Office/Webcam/Integrated Graphics/Thin & Light/PAN India Warranty),/HP-ProBook-Bluetooth-Integrated-Graphics/dp/B09LRZB2HN,1.0 out of 5 stars,"29,999"
"HP Pavilion Gaming 5th Gen AMD Ryzen 5 Processor 15.6 inches FHD Gaming Laptop (8GB/512GB SSD/144 Hz/Windows 10 Home/MS Office/NVIDIA GTX 1650 4GB/Shadow Black), 15-ec2008AX, 1.98kg",/HP-Pavilion-Processor-15-6-inch-15-ec2008AX/dp/B091FHVCDL,4.1 out of 5 stars,"66,590"
"Lenovo IdeaPad Slim 5 11thGen Intel Core i5 15.6""(39.62cm) FHD IPS Thin & Light Laptop(16GB/512GB SSD/Windows 11/MS Office/NVIDIA GeForce MX450 2GB/Fingerprint Reader/Graphite Grey/1.66Kg), 82FG01BAIN",/Lenovo-IdeaPad-Fingerprint-Graphite-82FG01BAIN/dp/B09GV16C2Q,4.2 out of 5 stars,"70,523"
"ASUS ROG Zephyrus G14 (2021) 14-inch (35.56 cms) FHD 144Hz, AMD Ryzen 7 5800HS, GTX 1650 4GB Graphics, Gaming Laptop (8GB/1TB SSD/Office 2019/Windows 10/White/1.6 Kg), GA401QH-HZ077TS",/ASUS-Zephyrus-GTX-1650-Graphics-GA401QH-HZ077TS/dp/B09CCLPWKD,5.0 out of 5 stars,"89,490"
"(Renewed) HP HP ProBook Intel 15.6-Inch (39.62 cms) Laptop (8 GB/320 GB/Windows 10 Pro/Intel HD Graphics 3000//2.49 Kg), ProBook 6560b",/HP-Probook-6560B-Notebook-Professional/dp/B01GUBPB7E,4.3 out of 5 stars,"24,990"
"HP 240 G8 Laptop Intel Core i3-11th Gen|8GB|1TBGB|14""HD|Win 10H SL",/HP-240-G8-Laptop-i3-11th/dp/B09FSGFXKL,5.0 out of 5 stars,"43,296"
"HP Pavilion Aero, AMD Ryzen 5-5600U, 13.3 inches Ultra Thin and Light WUXGA Laptop (16GB RAM/512GB SSD/Win 11/1920x1200/FPR/Audio by B&O/Alexa Built-in/ MS Office/Pale Rose Gold/0.97 Kg) - 13-be0205au",/HP-Pavilion-5-5600U-inches-1920x1200/dp/B09KGPSJM4,3.8 out of 5 stars,"71,490"
"HP 15 11th Gen Intel Core i3 Processor 15.6"" (39.62cms) FHD Laptop with Alexa Built-in(i3-1115G4/8GB/1TB HDD/M.2 Slot/Win 10/MS Office/Natural Silver/1.76 Kg), 15s-du3038TU",/HP-Processor-39-62cms-i3-1115G4-15s-du3038TU/dp/B08S3MGDS3,3.6 out of 5 stars,"45,999"
(Renewed) HP EliteBook 14 inch (35.56 cm) HD Laptop (AMD A8 Pro/8 GB RAM/500 GB HDD/Wifi/Bluetooth/Windows 10 Pro/MS Office/Webcam/AMD R5 Graphics/Thin & Light),/Renewed-HP-EliteBook-Bluetooth-Graphics/dp/B09H4V36YP,2.5 out of 5 stars,"24,899"
"HP Pavilion Aero, Ryzen 5-16GB/512GB SSD 13.3-inch WUXGA Laptop, Ultra-Thin & Light 970 gm, 400 Nits Anti-Glare 100% RGB Display/B&O Audio/Fingerprint Reader/Backlit KB/Win 11 Ready, 13-be0190AU",/HP-Pavilion-Aero-Fingerprint-13-be0190AU/dp/B098NQQVT2,4.5 out of 5 stars,"69,490"
"Dell 14 (2021) i5-1155G7 2in1 Touch Screen Laptop, 8GB, 512GB SSD, Win 10 + MS Office, 14.0"" (35.56 cms) FHD Display, Backlit KB, FPR + Active Pen, Platinum Silver (Inspiron 5410, D560594WIN9S)",/Dell-i5-1155G7-Platinum-5410-D560594WIN9S/dp/B09F3QVLD1,4.3 out of 5 stars,"70,790"
HP 14s 11th Gen Intel Core i3 14 inch(35.6 cms) FHD Laptop (8GB RAM/256GB SSD/UHD Graphics/ Win 11/ MS Office/ Alexa Built-in/ 1.46kg/ Natural Silver) - 14s-dy2506TU,/HP-Laptop-Graphics-Office-Natural/dp/B09MH9M5CV,,"43,990"
"(Renewed) Lenovo Intel 4th Gen Core i7 15.6 Inch(39.62 cms) 1366 x 768 1366 X 768 Laptop (16GB RAM/512GB SSD/Windows 10 Pro/MS Office/ NVIDIA Graphics,Black,2.5kg) Lenovo ThinkPad w540",/Renewed-Lenovo-Windows-Graphics-ThinkPad/dp/B09HH8PQ2S,,"47,999"
"Dell Inspiron 3505 39.62 cm (15.6"") FHD Display Laptop (R5-3450U / 8GB / 1TB + 256Gb SSD / Vega Graphics / Win 10 + MSO / Soft Mint Color) D560432WIN9S",/Dell-Inspiron-R5-3450U-Graphics-D560432WIN9S/dp/B0919HGZXG,4.0 out of 5 stars,"51,000"
,,,
,,,
,,,
"Microsoft Surface Go 10th Gen Intel Core i5-1035G1 12.4 inches Touchscreen Business Laptop (8GB/128GB SSD/Windows 10 Home in S Mode/UHD Graphics/Platinum/1.110 kg, 25% Off on Microsoft 365), THH-00023",/Microsoft-i5-1035G1-Touchscreen-Graphics-THH-00023/dp/B08SX5XVBK,4.3 out of 5 stars,"67,280"
HP Chromebook Laptop (Intel Celeron Processor/4GB RAM & 256GB SSD Storage/ChromeOS) - na0002TU + Keybord + Mice,/HP-Chromebook-Celeron-Processor-ChromeOS/dp/B09HMZ8JWX,,"26,589"
"(Renewed) Dell Latitude E5440 Intel Core i5 4th Gen 14 inches Laptop /8GB RAM - Upgradable to 16/256GB SSD/Windows 10 Pro/MS Office 2019, Black, 2.2 kg",/Renewed-Dell-Latitude-inches-Laptop/dp/B09413W86G,5.0 out of 5 stars,"34,999"
"Acer Nitro 5 Gaming Laptop (AMD Ryzen 7 5800H/15.6"" Full HD IPS Display/16 GB/256 GB SSD/1TB HDD/Win 10/6 GB Graphics/NVIDIA GeForce RTX 3060/144 Hz, Black, 2.4 kg) AN515-45 + Xbox Game Pass for PC",/Acer-Display-Graphics-GeForce-AN515-45/dp/B09FK41K3C,,"1,04,990"
"Lenovo ThinkBook 13s Intel 11th Gen Core i5 13.3""(33.78 cm) WQXGA IPS 300 nits 100% sRGB Dolby Vision Thin and Light Laptop (8GB/512GB SSD/Windows 10/MS Office/FPR/Mineral Grey/1.26 Kg), 20V9A05EIH",/Lenovo-ThinkBook-Windows-Mineral-20V9A05EIH/dp/B09GB2N7M7,4.3 out of 5 stars,"59,990"
Acer Aspire 3 Intel Core i3 11th Generation 15.6 inches Full HD IPS Business Laptop - (4GB/256GB SSD/Windows 10 Home/UHD Graphics /1.7Kg/Silver) - A315-58,/Acer-Aspire-Generation-inches-Business/dp/B09B3QC52M,4.2 out of 5 stars,"40,999"
"Dell Vostro 3400 14 inches FHD Anti Glare Display Laptop/ Intel i5-1135G7 / 8GB / 512 SSD / Nvidia 2GB MX330 Graphics / Windows 10 + Office H&S/ Dune Color) D552156WIN9DE, 1.64kg",/Dell-Display-i5-1135G7-Graphics-D552156WIN9DE/dp/B08MQ6VQL2,3.9 out of 5 stars,"64,190"
"Dell 14 (2021) Inspiron 5410 Intel i7-1165G7 14 inches 16Gb RAM, 512Gb SSD, FHD Display, Windows 10 + MSO, Backlit KB + FPR + Active Pen, 2in1 Touch Screen Laptop - Silver Metal, 1.5 kg, D560469WIN9S",/Dell-Inspiron-5410-i7-1165G7-Display/dp/B095S9NJ4S,4.2 out of 5 stars,"95,890"
"Lenovo V15 Intel Core i3 11th Gen 15.6 inches FHD Business Laptop (4GB RAM/512GB SSD/Windows 10 Home/MS Office/Black/1.7 kg), 82KB00EXIN",/Lenovo-V15-Business-Windows-82KB00EXIN/dp/B09BVX657L,4.5 out of 5 stars,"42,490"
"2020 Apple MacBook Pro (13.3-inch/33.78 cm, Apple M1 chip with 8‑core CPU and 8‑core GPU, 8GB RAM, 512GB SSD) - Silver",/Apple-MacBook-Chip-13-inch-512GB/dp/B08N5Y1YG7,4.7 out of 5 stars,"1,31,990"
"HP 14 Ryzen 5 5500U 14-inch(35.6 cm) FHD Laptop with Alexa Built-in(8GB/512GB SSD/Windows 10/MS Office/Natural Silver/1.46Kg), 14s-fq1030AU",/HP-14-inch-Windows-Natural-14s-fq1030AU/dp/B0928TPR8H,4.4 out of 5 stars,"55,600"
"HP 14 (2021) 11th Gen Intel Core i3 Laptop with Alexa Built-in, 8GB RAM, 256GB SSD, 14-Inch (35.6 cm) FHD Screen, Windows 10, MS Office, (14s- dy2501tu)",/HP-Laptop-14-Inch-Windows-dy2501tu/dp/B093VZC5X9,4.2 out of 5 stars,
"ASUS VivoBook 15 Intel Celeron N3350 15.6 inches HD Laptop (4GB RAM/1TB HDD/Windows 10/Integrated Graphics/Black/2.0 kg, X540NA-GQ285T)",/ASUS-VivoBook-15-6-inch-Integrated-X540NA-GQ285T/dp/B08BV8N5ZR,3.5 out of 5 stars,
"HP 255 G8 Laptop 3K9U2PA (AMD Ryzen 3-3300/4GB Ram/ 512 GB SSD/ 39.62 cm (15.6"" Inch) HD/ Windows 10 Home / Dark Ash Black / 1 Year Warranty)",/HP-Laptop-3K9U2PA-Windows-Warranty/dp/B095KJN2TT,4.3 out of 5 stars,"42,140"
"(Renewed) Dell Latitude Laptop 3340 Intel Core i3 - 4005u Processor, 8 GB Ram & 256 GB SSD, Win10, 14.1 Inches Notebook Computer",/Renewed-Dell-Latitude-Laptop-Intel/dp/B08SMLDWRV,4.1 out of 5 stars,"27,690"
"Lenovo ThinkBook 13s Intel 11th Gen Core i7 13.3""(33.78 cm) WQXGA IPS 300 nits 100% sRGB Dolby Vision Thin and Light Laptop (16GB/512GB SSD/Windows 10/MS Office/FPR/Mineral Grey/1.26 Kg), 20V9A05FIH",/Lenovo-ThinkBook-Windows-Mineral-20V9A05FIH/dp/B09GB2KYGC,4.3 out of 5 stars,"79,990"
,,,
,,,
,,,
"(Renewed) AVITA Essential Refresh NE14A2INC43A-CR 14-inch/35.56 cm(Intel Celeron-N4020/4GB/128GB SSD/Windows 10 Home/FHD/Integrated Graphics), Concrete Grey",/AVITA-Essential-NE14A2INC43A-CR-Celeron-N4020-Integrated/dp/B098QRMRG4,5.0 out of 5 stars,"20,999"
"ASUS ROG Zephyrus G14 (2021) 14-inch (35.56 cms) FHD 144Hz, AMD Ryzen 7 5800HS, GTX 1650 4GB Graphics, Gaming Laptop (8GB/1TB SSD/Office 2019/Windows 10/Gray/1.6 Kg), GA401QH-HZ076TS",/ASUS-Zephyrus-GTX-1650-Graphics-GA401QH-HZ076TS/dp/B09CD2JY58,4.0 out of 5 stars,"86,640"
"(Renewed) Dell Intel 5th Gen Core i5 5300U 14-Inch (35.56 cms) Laptop (8 GB/256 GB SSD/Windows 10/Intel HD Graphics/Black/), Latitude E5450",/Renewed-Dell-Latitude-E5450-Graphics/dp/B07SN9P55R,3.7 out of 5 stars,"40,490"
Acer Extensa 15 EX215-22-A7D9 (NX.EG9SI.001) Laptop (AMD Athlon Gold/ 4GB RAM/ 1TB HDD/ Windows 10 Home/ AMD Radeon Graphics/ 15.6 Inch Screen),/Acer-Extensa-EX215-22-A7D9-NX-EG9SI-001-Graphics/dp/B08QG68JXS,2.2 out of 5 stars,"32,250"
"Acer Aspire 3 Intel Core i5 11th Gen 15.6 inches Full HD Display Business Laptop (2*4GB RAM/128GB SSD+1TB HDD/NVIDIA GeForce MX350/Windows 10 Home/Fingerprint Reader/Pure Silver, 1.7kg), A315-58G",/Acer-Display-Business-Fingerprint-A315-58G/dp/B09B12TS48,,"57,490"
"Lenovo IdeaPad Slim 3 Intel Celeron N4020 15.6 inches HD Business Laptop (4GB/256 GB SSD/Windows 10 Home/MS Office/Platinum Grey /1.7 Kg), 81WQ0099IN",/Lenovo-IdeaPad-Business-Platinum-81WQ0099IN/dp/B09F32YWST,3.9 out of 5 stars,"34,690"
"Lenovo IdeaPad Slim 3 2021 11th Gen Intel Core i5 15.6"" (39.62cm) FHD Thin & Light Laptop (8GB/256GB SSD/Windows 10/MS Office/Backlit Keyboard/2 Year Warranty/Arctic Grey/1.65Kg), 82H80156IN",/Lenovo-IdeaPad-Keyboard-Warranty-82H80156IN/dp/B09BCSPX7X,4.2 out of 5 stars,"55,300"
"(Renewed) Dell Latitude Laptop E5470 Intel Core i5 6th Gen. - 6200u Processor, 8 GB Ram & 256 GB SSD, 14.1 Inches HD Screen Notebook Computer",/Renewed-Dell-Latitude-Laptop-E5470/dp/B094CBQ32N,3.9 out of 5 stars,"29,899"
"Lenovo IdeaPad Slim 3 2021 11th Gen Intel Core i3 15.6"" (39.62cm) FHD IPS Thin & Light Laptop (8GB/512GB SSD/Windows 10/MS Office/2 Year Warranty/Arctic Grey/1.65Kg), 82H801FKIN",/Lenovo-IdeaPad-39-62cm-Warranty-82H801FKIN/dp/B09C5XN8X7,4.3 out of 5 stars,"46,490"
"Dell 15 (2021) AMD Ryzen 5-5600H Gaming Laptop, 16GB DDR4, 512GB SSD, Windows 10 + MS Office, NVIDIA RTX 3050 4Gb, 15.6 inches FHD, Backlit KB Orange, Platinum Silver (G15 5515, D560540WIN9W), 2.57kg",/Dell-Platinum-G15-5515-D560540WIN9W/dp/B09F3QNCY3,4.1 out of 5 stars,"74,990"
"Lenovo ThinkBook 15 Intel 11th Gen Core i5 15.6"" (39.62 cm) FHD IPS 300 nits Antiglare 100% sRGB Thin and Light Laptop (16GB/512GB SSD/Windows 10/MS Office/3 Yr Onsite Warranty/1.7 Kg), 20VEA0HEIH",/Lenovo-ThinkBook-Antiglare-Warranty-20VEA0HEIH/dp/B09G3CN1TS,4.2 out of 5 stars,"69,990"
"ASUS TUF Dash F15 (2021) 15.6-inch (39.62 cms) FHD 144Hz, Intel Core i7-11370H 11th Gen, RTX 3050 4GB Graphics, Gaming Laptop (16GB/512GB SSD/Windows 10/Gray/2 Kg), FX516PCZ-HN091T",/ASUS-Dash-F15-15-6-inch-i7-11370H-FX516PCZ-HN091T/dp/B09CCNMXB1,4.4 out of 5 stars,"82,990"
"HP 15 AMD Ryzen 5 5500U 15.6 inch(39.6 cms) FHD Laptop (8GB RAM/512GB SSD/Windows 10/MS Office/1.69 kg), 15s-eq2040AU",/HP-Laptop-Windows-Office-15s-eq2040AU/dp/B093Q3R1VV,4.3 out of 5 stars,"58,250"
"Acer Swift 3 SF314-511 Intel EVO Thin and Light Laptop | 14"" Full HD IPS | Intel Core i5-1135G7 Processor |8G| 512GB SSD| WiFi 6| Backlit Keyboard | Fingerprint Reader | Windows 11 | MS Office 2021",/Acer-SF314-511-i5-1135G7-Processor-Fingerprint/dp/B09M3F1MWN,,"60,990"
"Lenovo ThinkBook 15 Intel 11th Gen Core i5 15.6""(39.62 cm) FHD IPS 300 nits Antiglare 100% sRGB Thin & Light Laptop (16GB/1TB HDD+256GB SSD/Windows 10/MS Office/3 Yr Onsite Warranty/1.7 Kg),20VEA0HDIH",/Lenovo-ThinkBook-15-Antiglare-20VEA0HDIH/dp/B09GVZHTGM,4.3 out of 5 stars,"75,000"
"ASUS VivoBook 14 (2020) AMD Ryzen 3 3250U 35.56 cm (14-inch) FHD Thin and Light Laptop (4GB/256GB NVMe SSD/Integrated Graphics/Windows 10/MS Office 2019/Transparent Silver/1.6 kg), M415DA-EK302TS",/ASUS-VivoBook-Integrated-Transparent-M415DA-EK302TS/dp/B08JMRBZ8F,3.6 out of 5 stars,"33,490"
,,,
,,,
,,,
"Lenovo IdeaPad Slim 3 10th Gen Intel Core i3 15.6"" (39.63cm) FHD Thin & Light Laptop (4GB/256GB SSD/Windows 10/MS Office/Intel UHD Graphics/2 Year Warranty/Platinum Grey/1.7Kg), 81WB0158IN",/Lenovo-Graphics-Warranty-Platinum-81WB0158IN/dp/B0999C7769,4.0 out of 5 stars,"38,990"
"ASUS ZenBook 14e (2021), 14.0-inch (35.56 cms) FHD Intel Core i7-1165G7 11th Gen, Thin and Light Laptop (16GB/1TB SSD/Office 2019/Windows 10/2GB NVIDIA MX450 Graphics/Grey/1.29 kg), UX435EG-KK701TS",/ASUS-14-0-inch-i7-1165G7-Graphics-UX435EG-KK701TS/dp/B096W3HCRQ,4.0 out of 5 stars,"1,04,990"
,,,
,,,
,,,
